Circuit,Magnet,Position,B1_aperture,Diode_type,Correctors,EE place,#Electric_EE,#Electric_circuit,Cryostat,Cryostat2
RB.A12,MB.A8R1,276.734,EXT,R,A,EVEN,1,78,LBARE.8R1,LBARE_08R1
RB.A12,MB.B8R1,292.394,EXT,R,B,ODD,77,77,LBBRF.8R1,LBBRF_08R1
RB.A12,MB.A9R1,315.799,EXT,R,A,EVEN,2,79,LBARE.9R1,LBARE_09R1
RB.A12,MB.B9R1,331.459,EXT,R,B,ODD,76,76,LBBRG.9R1,LBBRG_09R1
RB.A12,MB.A10R1,356.264,EXT,R,A,EVEN,3,80,LBARE.10R1,LBARE_10R1
RB.A12,MB.B10R1,371.924,EXT,R,B,ODD,75,75,LBBRF.10R1,LBBRF_10R1
RB.A12,MB.A11R1,395.329,EXT,R,A,EVEN,4,81,LBARA.11R1,LBARA_11R1
RB.A12,MB.B11R1,410.989,EXT,R,B,ODD,74,74,LBBRA.11R1,LBBRA_11R1
RB.A12,MB.A12R1,448.1107,EXT,R,A,EVEN,5,82,LBARA.12R1,LBARA_12R1
RB.A12,MB.B12R1,463.7707,EXT,R,B,ODD,73,73,LBBRA.12R1,LBBRA_12R1
RB.A12,MB.C12R1,479.4307,EXT,R,A,EVEN,6,83,LBARB.12R1,LBARB_12R1
RB.A12,MB.A13R1,501.5607,EXT,R,B,ODD,72,72,LBBRA.13R1,LBBRA_13R1
RB.A12,MB.B13R1,517.2207,EXT,R,A,EVEN,7,84,LBARA.13R1,LBARA_13R1
RB.A12,MB.C13R1,532.8807,EXT,R,B,ODD,71,71,LBBRD.13R1,LBBRD_13R1
RB.A12,MB.A14R1,555.0107,EXT,R,A,EVEN,8,85,LBARA.14R1,LBARA_14R1
RB.A12,MB.B14R1,570.6707,EXT,R,B,ODD,70,70,LBBRA.14R1,LBBRA_14R1
RB.A12,MB.C14R1,586.3307,EXT,R,A,EVEN,9,86,LBARB.14R1,LBARB_14R1
RB.A12,MB.A15R1,608.4607,EXT,R,B,ODD,69,69,LBBRA.15R1,LBBRA_15R1
RB.A12,MB.B15R1,624.1207,EXT,R,A,EVEN,10,87,LBARA.15R1,LBARA_15R1
RB.A12,MB.C15R1,639.7807,EXT,R,B,ODD,68,68,LBBRD.15R1,LBBRD_15R1
RB.A12,MB.A16R1,661.9107,EXT,R,A,EVEN,11,88,LBARA.16R1,LBARA_16R1
RB.A12,MB.B16R1,677.5707,EXT,R,B,ODD,67,67,LBBRA.16R1,LBBRA_16R1
RB.A12,MB.C16R1,693.2307,EXT,R,A,EVEN,12,89,LBARB.16R1,LBARB_16R1
RB.A12,MB.A17R1,715.3607,EXT,R,B,ODD,66,66,LBBRA.17R1,LBBRA_17R1
RB.A12,MB.B17R1,731.0207,EXT,R,A,EVEN,13,90,LBARA.17R1,LBARA_17R1
RB.A12,MB.C17R1,746.6807,EXT,R,B,ODD,65,65,LBBRD.17R1,LBBRD_17R1
RB.A12,MB.A18R1,768.8107,EXT,R,A,EVEN,14,91,LBARA.18R1,LBARA_18R1
RB.A12,MB.B18R1,784.4707,EXT,R,B,ODD,64,64,LBBRA.18R1,LBBRA_18R1
RB.A12,MB.C18R1,800.1307,EXT,R,A,EVEN,15,92,LBARB.18R1,LBARB_18R1
RB.A12,MB.A19R1,822.2607,EXT,R,B,ODD,63,63,LBBRA.19R1,LBBRA_19R1
RB.A12,MB.B19R1,837.9207,EXT,R,A,EVEN,16,93,LBARA.19R1,LBARA_19R1
RB.A12,MB.C19R1,853.5807,EXT,R,B,ODD,62,62,LBBRD.19R1,LBBRD_19R1
RB.A12,MB.A20R1,875.7107,EXT,R,A,EVEN,17,94,LBARA.20R1,LBARA_20R1
RB.A12,MB.B20R1,891.3707,EXT,R,B,ODD,61,61,LBBRA.20R1,LBBRA_20R1
RB.A12,MB.C20R1,907.0307,EXT,R,A,EVEN,18,95,LBARB.20R1,LBARB_20R1
RB.A12,MB.A21R1,929.1607,EXT,R,B,ODD,60,60,LBBRA.21R1,LBBRA_21R1
RB.A12,MB.B21R1,944.8207,EXT,R,A,EVEN,19,96,LBARA.21R1,LBARA_21R1
RB.A12,MB.C21R1,960.4807,EXT,R,B,ODD,59,59,LBBRD.21R1,LBBRD_21R1
RB.A12,MB.A22R1,982.6107,EXT,R,A,EVEN,20,97,LBARA.22R1,LBARA_22R1
RB.A12,MB.B22R1,998.2707,EXT,R,B,ODD,58,58,LBBRA.22R1,LBBRA_22R1
RB.A12,MB.C22R1,1013.9307,EXT,R,A,EVEN,21,98,LBARB.22R1,LBARB_22R1
RB.A12,MB.A23R1,1036.0607,EXT,R,B,ODD,57,57,LBBRA.23R1,LBBRA_23R1
RB.A12,MB.B23R1,1051.7207,EXT,R,A,EVEN,22,99,LBARA.23R1,LBARA_23R1
RB.A12,MB.C23R1,1067.3807,EXT,R,B,ODD,56,56,LBBRD.23R1,LBBRD_23R1
RB.A12,MB.A24R1,1089.5107,EXT,R,A,EVEN,23,100,LBARA.24R1,LBARA_24R1
RB.A12,MB.B24R1,1105.1707,EXT,R,B,ODD,55,55,LBBRA.24R1,LBBRA_24R1
RB.A12,MB.C24R1,1120.8307,EXT,R,A,EVEN,24,101,LBARB.24R1,LBARB_24R1
RB.A12,MB.A25R1,1142.9607,EXT,R,B,ODD,54,54,LBBRA.25R1,LBBRA_25R1
RB.A12,MB.B25R1,1158.6207,EXT,R,A,EVEN,25,102,LBARA.25R1,LBARA_25R1
RB.A12,MB.C25R1,1174.2807,EXT,R,B,ODD,53,53,LBBRD.25R1,LBBRD_25R1
RB.A12,MB.A26R1,1196.4107,EXT,R,A,EVEN,26,103,LBARA.26R1,LBARA_26R1
RB.A12,MB.B26R1,1212.0707,EXT,R,B,ODD,52,52,LBBRA.26R1,LBBRA_26R1
RB.A12,MB.C26R1,1227.7307,EXT,R,A,EVEN,27,104,LBARB.26R1,LBARB_26R1
RB.A12,MB.A27R1,1249.8607,EXT,R,B,ODD,51,51,LBBRA.27R1,LBBRA_27R1
RB.A12,MB.B27R1,1265.5207,EXT,R,A,EVEN,28,105,LBARA.27R1,LBARA_27R1
RB.A12,MB.C27R1,1281.1807,EXT,R,B,ODD,50,50,LBBRD.27R1,LBBRD_27R1
RB.A12,MB.A28R1,1303.3107,EXT,R,A,EVEN,29,106,LBARA.28R1,LBARA_28R1
RB.A12,MB.B28R1,1318.9707,EXT,R,B,ODD,49,49,LBBRA.28R1,LBBRA_28R1
RB.A12,MB.C28R1,1334.6307,EXT,R,A,EVEN,30,107,LBARB.28R1,LBARB_28R1
RB.A12,MB.A29R1,1356.7607,EXT,R,B,ODD,48,48,LBBRA.29R1,LBBRA_29R1
RB.A12,MB.B29R1,1372.4207,EXT,R,A,EVEN,31,108,LBARA.29R1,LBARA_29R1
RB.A12,MB.C29R1,1388.0807,EXT,R,B,ODD,47,47,LBBRD.29R1,LBBRD_29R1
RB.A12,MB.A30R1,1410.2107,EXT,R,A,EVEN,32,109,LBARA.30R1,LBARA_30R1
RB.A12,MB.B30R1,1425.8707,EXT,R,B,ODD,46,46,LBBRA.30R1,LBBRA_30R1
RB.A12,MB.C30R1,1441.5307,EXT,R,A,EVEN,33,110,LBARB.30R1,LBARB_30R1
RB.A12,MB.A31R1,1463.6607,EXT,R,B,ODD,45,45,LBBRA.31R1,LBBRA_31R1
RB.A12,MB.B31R1,1479.3207,EXT,R,A,EVEN,34,111,LBARA.31R1,LBARA_31R1
RB.A12,MB.C31R1,1494.9807,EXT,R,B,ODD,44,44,LBBRD.31R1,LBBRD_31R1
RB.A12,MB.A32R1,1517.1107,EXT,R,A,EVEN,35,112,LBARA.32R1,LBARA_32R1
RB.A12,MB.B32R1,1532.7707,EXT,R,B,ODD,43,43,LBBRA.32R1,LBBRA_32R1
RB.A12,MB.C32R1,1548.4307,EXT,R,A,EVEN,36,113,LBARB.32R1,LBARB_32R1
RB.A12,MB.A33R1,1570.5607,EXT,R,B,ODD,42,42,LBBRA.33R1,LBBRA_33R1
RB.A12,MB.B33R1,1586.2207,EXT,R,A,EVEN,37,114,LBARA.33R1,LBARA_33R1
RB.A12,MB.C33R1,1601.8807,EXT,R,B,ODD,41,41,LBBRD.33R1,LBBRD_33R1
RB.A12,MB.A34R1,1624.0107,EXT,R,A,EVEN,38,115,LBARA.34R1,LBARA_34R1
RB.A12,MB.B34R1,1639.6707,EXT,R,B,ODD,40,40,LBBRA.34R1,LBBRA_34R1
RB.A12,MB.C34R1,1655.3307,EXT,R,A,EVEN,39,116,LBARB.34R1,LBARB_34R1
RB.A12,MB.C34L2,1677.4607,EXT,R,B,ODD,39,39,LBBRA.34L2,LBBRA_34L2
RB.A12,MB.B34L2,1693.1207,EXT,R,A,EVEN,40,117,LBARA.34L2,LBARA_34L2
RB.A12,MB.A34L2,1708.7807,EXT,R,B,ODD,38,38,LBBRD.34L2,LBBRD_34L2
RB.A12,MB.C33L2,1730.9107,EXT,R,A,EVEN,41,118,LBARA.33L2,LBARA_33L2
RB.A12,MB.B33L2,1746.5707,EXT,R,B,ODD,37,37,LBBRA.33L2,LBBRA_33L2
RB.A12,MB.A33L2,1762.2307,EXT,R,A,EVEN,42,119,LBARB.33L2,LBARB_33L2
RB.A12,MB.C32L2,1784.3607,EXT,R,B,ODD,36,36,LBBRA.32L2,LBBRA_32L2
RB.A12,MB.B32L2,1800.0207,EXT,R,A,EVEN,43,120,LBARA.32L2,LBARA_32L2
RB.A12,MB.A32L2,1815.6807,EXT,R,B,ODD,35,35,LBBRD.32L2,LBBRD_32L2
RB.A12,MB.C31L2,1837.8107,EXT,R,A,EVEN,44,121,LBARA.31L2,LBARA_31L2
RB.A12,MB.B31L2,1853.4707,EXT,R,B,ODD,34,34,LBBRA.31L2,LBBRA_31L2
RB.A12,MB.A31L2,1869.1307,EXT,R,A,EVEN,45,122,LBARB.31L2,LBARB_31L2
RB.A12,MB.C30L2,1891.2607,EXT,R,B,ODD,33,33,LBBRA.30L2,LBBRA_30L2
RB.A12,MB.B30L2,1906.9207,EXT,R,A,EVEN,46,123,LBARA.30L2,LBARA_30L2
RB.A12,MB.A30L2,1922.5807,EXT,R,B,ODD,32,32,LBBRD.30L2,LBBRD_30L2
RB.A12,MB.C29L2,1944.7107,EXT,R,A,EVEN,47,124,LBARA.29L2,LBARA_29L2
RB.A12,MB.B29L2,1960.3707,EXT,R,B,ODD,31,31,LBBRA.29L2,LBBRA_29L2
RB.A12,MB.A29L2,1976.0307,EXT,R,A,EVEN,48,125,LBARB.29L2,LBARB_29L2
RB.A12,MB.C28L2,1998.1607,EXT,R,B,ODD,30,30,LBBRA.28L2,LBBRA_28L2
RB.A12,MB.B28L2,2013.8207,EXT,R,A,EVEN,49,126,LBARA.28L2,LBARA_28L2
RB.A12,MB.A28L2,2029.4807,EXT,R,B,ODD,29,29,LBBRD.28L2,LBBRD_28L2
RB.A12,MB.C27L2,2051.6107,EXT,R,A,EVEN,50,127,LBARA.27L2,LBARA_27L2
RB.A12,MB.B27L2,2067.2707,EXT,R,B,ODD,28,28,LBBRA.27L2,LBBRA_27L2
RB.A12,MB.A27L2,2082.9307,EXT,R,A,EVEN,51,128,LBARB.27L2,LBARB_27L2
RB.A12,MB.C26L2,2105.0607,EXT,R,B,ODD,27,27,LBBRA.26L2,LBBRA_26L2
RB.A12,MB.B26L2,2120.7207,EXT,R,A,EVEN,52,129,LBARA.26L2,LBARA_26L2
RB.A12,MB.A26L2,2136.3807,EXT,R,B,ODD,26,26,LBBRD.26L2,LBBRD_26L2
RB.A12,MB.C25L2,2158.5107,EXT,R,A,EVEN,53,130,LBARA.25L2,LBARA_25L2
RB.A12,MB.B25L2,2174.1707,EXT,R,B,ODD,25,25,LBBRA.25L2,LBBRA_25L2
RB.A12,MB.A25L2,2189.8307,EXT,R,A,EVEN,54,131,LBARB.25L2,LBARB_25L2
RB.A12,MB.C24L2,2211.9607,EXT,R,B,ODD,24,24,LBBRA.24L2,LBBRA_24L2
RB.A12,MB.B24L2,2227.6207,EXT,R,A,EVEN,55,132,LBARA.24L2,LBARA_24L2
RB.A12,MB.A24L2,2243.2807,EXT,R,B,ODD,23,23,LBBRD.24L2,LBBRD_24L2
RB.A12,MB.C23L2,2265.4107,EXT,R,A,EVEN,56,133,LBARA.23L2,LBARA_23L2
RB.A12,MB.B23L2,2281.0707,EXT,R,B,ODD,22,22,LBBRA.23L2,LBBRA_23L2
RB.A12,MB.A23L2,2296.7307,EXT,R,A,EVEN,57,134,LBARB.23L2,LBARB_23L2
RB.A12,MB.C22L2,2318.8607,EXT,R,B,ODD,21,21,LBBRA.22L2,LBBRA_22L2
RB.A12,MB.B22L2,2334.5207,EXT,R,A,EVEN,58,135,LBARA.22L2,LBARA_22L2
RB.A12,MB.A22L2,2350.1807,EXT,R,B,ODD,20,20,LBBRD.22L2,LBBRD_22L2
RB.A12,MB.C21L2,2372.3107,EXT,R,A,EVEN,59,136,LBARA.21L2,LBARA_21L2
RB.A12,MB.B21L2,2387.9707,EXT,R,B,ODD,19,19,LBBRA.21L2,LBBRA_21L2
RB.A12,MB.A21L2,2403.6307,EXT,R,A,EVEN,60,137,LBARB.21L2,LBARB_21L2
RB.A12,MB.C20L2,2425.7607,EXT,R,B,ODD,18,18,LBBRA.20L2,LBBRA_20L2
RB.A12,MB.B20L2,2441.4207,EXT,R,A,EVEN,61,138,LBARA.20L2,LBARA_20L2
RB.A12,MB.A20L2,2457.0807,EXT,R,B,ODD,17,17,LBBRD.20L2,LBBRD_20L2
RB.A12,MB.C19L2,2479.2107,EXT,R,A,EVEN,62,139,LBARA.19L2,LBARA_19L2
RB.A12,MB.B19L2,2494.8707,EXT,R,B,ODD,16,16,LBBRA.19L2,LBBRA_19L2
RB.A12,MB.A19L2,2510.5307,EXT,R,A,EVEN,63,140,LBARB.19L2,LBARB_19L2
RB.A12,MB.C18L2,2532.6607,EXT,R,B,ODD,15,15,LBBRA.18L2,LBBRA_18L2
RB.A12,MB.B18L2,2548.3207,EXT,R,A,EVEN,64,141,LBARA.18L2,LBARA_18L2
RB.A12,MB.A18L2,2563.9807,EXT,R,B,ODD,14,14,LBBRD.18L2,LBBRD_18L2
RB.A12,MB.C17L2,2586.1107,EXT,R,A,EVEN,65,142,LBARA.17L2,LBARA_17L2
RB.A12,MB.B17L2,2601.7707,EXT,R,B,ODD,13,13,LBBRA.17L2,LBBRA_17L2
RB.A12,MB.A17L2,2617.4307,EXT,R,A,EVEN,66,143,LBARB.17L2,LBARB_17L2
RB.A12,MB.C16L2,2639.5607,EXT,R,B,ODD,12,12,LBBRA.16L2,LBBRA_16L2
RB.A12,MB.B16L2,2655.2207,EXT,R,A,EVEN,67,144,LBARA.16L2,LBARA_16L2
RB.A12,MB.A16L2,2670.8807,EXT,R,B,ODD,11,11,LBBRD.16L2,LBBRD_16L2
RB.A12,MB.C15L2,2693.0107,EXT,R,A,EVEN,68,145,LBARA.15L2,LBARA_15L2
RB.A12,MB.B15L2,2708.6707,EXT,R,B,ODD,10,10,LBBRA.15L2,LBBRA_15L2
RB.A12,MB.A15L2,2724.3307,EXT,R,A,EVEN,69,146,LBARB.15L2,LBARB_15L2
RB.A12,MB.C14L2,2746.4607,EXT,R,B,ODD,9,9,LBBRA.14L2,LBBRA_14L2
RB.A12,MB.B14L2,2762.1207,EXT,R,A,EVEN,70,147,LBARA.14L2,LBARA_14L2
RB.A12,MB.A14L2,2777.7807,EXT,R,B,ODD,8,8,LBBRD.14L2,LBBRD_14L2
RB.A12,MB.C13L2,2799.9107,EXT,R,A,EVEN,71,148,LBARA.13L2,LBARA_13L2
RB.A12,MB.B13L2,2815.5707,EXT,R,B,ODD,7,7,LBBRA.13L2,LBBRA_13L2
RB.A12,MB.A13L2,2831.2307,EXT,R,A,EVEN,72,149,LBARB.13L2,LBARB_13L2
RB.A12,MB.C12L2,2853.3607,EXT,R,B,ODD,6,6,LBBRA.12L2,LBBRA_12L2
RB.A12,MB.B12L2,2869.0207,EXT,R,A,EVEN,73,150,LBARA.12L2,LBARA_12L2
RB.A12,MB.A12L2,2884.6807,EXT,R,B,ODD,5,5,LBBRD.12L2,LBBRD_12L2
RB.A12,MB.B11L2,2920.8604,EXT,R,A,EVEN,74,151,LBARA.11L2,LBARA_11L2
RB.A12,MB.A11L2,2936.5204,EXT,R,B,ODD,4,4,LBBRP.11L2,LBBRP_11L2
RB.A12,MB.B10L2,2959.9254,EXT,R,A,EVEN,75,152,LBARE.10L2,LBARE_10L2
RB.A12,MB.A10L2,2975.5854,EXT,R,B,ODD,3,3,LBBRG.10L2,LBBRG_10L2
RB.A12,MB.B9L2,3000.3904,EXT,R,A,EVEN,76,153,LBARE.9L2,LBARE_09L2
RB.A12,MB.A9L2,3016.0504,EXT,R,B,ODD,2,2,LBBRF.9L2,LBBRF_09L2
RB.A12,MB.B8L2,3039.4554,EXT,R,A,EVEN,77,154,LBARE.8L2,LBARE_08L2
RB.A12,MB.A8L2,3055.1154,EXT,R,B,ODD,1,1,LBBRQ.8L2,LBBRQ_08L2
RB.A23,MB.A8R2,3609.6054,INT,L,A,EVEN,77,154,LBALE.8R2,LBALE_08R2
RB.A23,MB.B8R2,3625.2654,INT,L,B,ODD,1,1,LBBLF.8R2,LBBLF_08R2
RB.A23,MB.A9R2,3648.6704,INT,L,A,EVEN,76,153,LBALE.9R2,LBALE_09R2
RB.A23,MB.B9R2,3664.3304,INT,L,B,ODD,2,2,LBBLG.9R2,LBBLG_09R2
RB.A23,MB.A10R2,3689.1354,INT,L,A,EVEN,75,152,LBALE.10R2,LBALE_10R2
RB.A23,MB.B10R2,3704.7954,INT,L,B,ODD,3,3,LBBLF.10R2,LBBLF_10R2
RB.A23,MB.A11R2,3728.2004,INT,L,A,EVEN,74,151,LBALA.11R2,LBALA_11R2
RB.A23,MB.B11R2,3743.8604,INT,L,B,ODD,4,4,LBBLA.11R2,LBBLA_11R2
RB.A23,MB.A12R2,3780.0401,INT,L,A,EVEN,73,150,LBALA.12R2,LBALA_12R2
RB.A23,MB.B12R2,3795.7001,INT,L,B,ODD,5,5,LBBLA.12R2,LBBLA_12R2
RB.A23,MB.C12R2,3811.3601,INT,L,A,EVEN,72,149,LBALB.12R2,LBALB_12R2
RB.A23,MB.A13R2,3833.4901,INT,L,B,ODD,6,6,LBBLA.13R2,LBBLA_13R2
RB.A23,MB.B13R2,3849.1501,INT,L,A,EVEN,71,148,LBALA.13R2,LBALA_13R2
RB.A23,MB.C13R2,3864.8101,INT,L,B,ODD,7,7,LBBLD.13R2,LBBLD_13R2
RB.A23,MB.A14R2,3886.9401,INT,L,A,EVEN,70,147,LBALA.14R2,LBALA_14R2
RB.A23,MB.B14R2,3902.6001,INT,L,B,ODD,8,8,LBBLA.14R2,LBBLA_14R2
RB.A23,MB.C14R2,3918.2601,INT,L,A,EVEN,69,146,LBALB.14R2,LBALB_14R2
RB.A23,MB.A15R2,3940.3901,INT,L,B,ODD,9,9,LBBLA.15R2,LBBLA_15R2
RB.A23,MB.B15R2,3956.0501,INT,L,A,EVEN,68,145,LBALA.15R2,LBALA_15R2
RB.A23,MB.C15R2,3971.7101,INT,L,B,ODD,10,10,LBBLD.15R2,LBBLD_15R2
RB.A23,MB.A16R2,3993.8401,INT,L,A,EVEN,67,144,LBALA.16R2,LBALA_16R2
RB.A23,MB.B16R2,4009.5001,INT,L,B,ODD,11,11,LBBLA.16R2,LBBLA_16R2
RB.A23,MB.C16R2,4025.1601,INT,L,A,EVEN,66,143,LBALB.16R2,LBALB_16R2
RB.A23,MB.A17R2,4047.2901,INT,L,B,ODD,12,12,LBBLA.17R2,LBBLA_17R2
RB.A23,MB.B17R2,4062.9501,INT,L,A,EVEN,65,142,LBALA.17R2,LBALA_17R2
RB.A23,MB.C17R2,4078.6101,INT,L,B,ODD,13,13,LBBLD.17R2,LBBLD_17R2
RB.A23,MB.A18R2,4100.7401,INT,L,A,EVEN,64,141,LBALA.18R2,LBALA_18R2
RB.A23,MB.B18R2,4116.4001,INT,L,B,ODD,14,14,LBBLA.18R2,LBBLA_18R2
RB.A23,MB.C18R2,4132.0601,INT,L,A,EVEN,63,140,LBALB.18R2,LBALB_18R2
RB.A23,MB.A19R2,4154.1901,INT,L,B,ODD,15,15,LBBLA.19R2,LBBLA_19R2
RB.A23,MB.B19R2,4169.8501,INT,L,A,EVEN,62,139,LBALA.19R2,LBALA_19R2
RB.A23,MB.C19R2,4185.5101,INT,L,B,ODD,16,16,LBBLD.19R2,LBBLD_19R2
RB.A23,MB.A20R2,4207.6401,INT,L,A,EVEN,61,138,LBALA.20R2,LBALA_20R2
RB.A23,MB.B20R2,4223.3001,INT,L,B,ODD,17,17,LBBLA.20R2,LBBLA_20R2
RB.A23,MB.C20R2,4238.9601,INT,L,A,EVEN,60,137,LBALB.20R2,LBALB_20R2
RB.A23,MB.A21R2,4261.0901,INT,L,B,ODD,18,18,LBBLA.21R2,LBBLA_21R2
RB.A23,MB.B21R2,4276.7501,INT,L,A,EVEN,59,136,LBALA.21R2,LBALA_21R2
RB.A23,MB.C21R2,4292.4101,INT,L,B,ODD,19,19,LBBLD.21R2,LBBLD_21R2
RB.A23,MB.A22R2,4314.5401,INT,L,A,EVEN,58,135,LBALA.22R2,LBALA_22R2
RB.A23,MB.B22R2,4330.2001,INT,L,B,ODD,20,20,LBBLA.22R2,LBBLA_22R2
RB.A23,MB.C22R2,4345.8601,INT,L,A,EVEN,57,134,LBALB.22R2,LBALB_22R2
RB.A23,MB.A23R2,4367.9901,INT,L,B,ODD,21,21,LBBLA.23R2,LBBLA_23R2
RB.A23,MB.B23R2,4383.6501,INT,L,A,EVEN,56,133,LBALA.23R2,LBALA_23R2
RB.A23,MB.C23R2,4399.3101,INT,L,B,ODD,22,22,LBBLD.23R2,LBBLD_23R2
RB.A23,MB.A24R2,4421.4401,INT,L,A,EVEN,55,132,LBALA.24R2,LBALA_24R2
RB.A23,MB.B24R2,4437.1001,INT,L,B,ODD,23,23,LBBLA.24R2,LBBLA_24R2
RB.A23,MB.C24R2,4452.7601,INT,L,A,EVEN,54,131,LBALB.24R2,LBALB_24R2
RB.A23,MB.A25R2,4474.8901,INT,L,B,ODD,24,24,LBBLA.25R2,LBBLA_25R2
RB.A23,MB.B25R2,4490.5501,INT,L,A,EVEN,53,130,LBALA.25R2,LBALA_25R2
RB.A23,MB.C25R2,4506.2101,INT,L,B,ODD,25,25,LBBLD.25R2,LBBLD_25R2
RB.A23,MB.A26R2,4528.3401,INT,L,A,EVEN,52,129,LBALA.26R2,LBALA_26R2
RB.A23,MB.B26R2,4544.0001,INT,L,B,ODD,26,26,LBBLA.26R2,LBBLA_26R2
RB.A23,MB.C26R2,4559.6601,INT,L,A,EVEN,51,128,LBALB.26R2,LBALB_26R2
RB.A23,MB.A27R2,4581.7901,INT,L,B,ODD,27,27,LBBLA.27R2,LBBLA_27R2
RB.A23,MB.B27R2,4597.4501,INT,L,A,EVEN,50,127,LBALA.27R2,LBALA_27R2
RB.A23,MB.C27R2,4613.1101,INT,L,B,ODD,28,28,LBBLD.27R2,LBBLD_27R2
RB.A23,MB.A28R2,4635.2401,INT,L,A,EVEN,49,126,LBALA.28R2,LBALA_28R2
RB.A23,MB.B28R2,4650.9001,INT,L,B,ODD,29,29,LBBLA.28R2,LBBLA_28R2
RB.A23,MB.C28R2,4666.5601,INT,L,A,EVEN,48,125,LBALB.28R2,LBALB_28R2
RB.A23,MB.A29R2,4688.6901,INT,L,B,ODD,30,30,LBBLA.29R2,LBBLA_29R2
RB.A23,MB.B29R2,4704.3501,INT,L,A,EVEN,47,124,LBALA.29R2,LBALA_29R2
RB.A23,MB.C29R2,4720.0101,INT,L,B,ODD,31,31,LBBLD.29R2,LBBLD_29R2
RB.A23,MB.A30R2,4742.1401,INT,L,A,EVEN,46,123,LBALA.30R2,LBALA_30R2
RB.A23,MB.B30R2,4757.8001,INT,L,B,ODD,32,32,LBBLA.30R2,LBBLA_30R2
RB.A23,MB.C30R2,4773.4601,INT,L,A,EVEN,45,122,LBALB.30R2,LBALB_30R2
RB.A23,MB.A31R2,4795.5901,INT,L,B,ODD,33,33,LBBLA.31R2,LBBLA_31R2
RB.A23,MB.B31R2,4811.2501,INT,L,A,EVEN,44,121,LBALA.31R2,LBALA_31R2
RB.A23,MB.C31R2,4826.9101,INT,L,B,ODD,34,34,LBBLD.31R2,LBBLD_31R2
RB.A23,MB.A32R2,4849.0401,INT,L,A,EVEN,43,120,LBALA.32R2,LBALA_32R2
RB.A23,MB.B32R2,4864.7001,INT,L,B,ODD,35,35,LBBLA.32R2,LBBLA_32R2
RB.A23,MB.C32R2,4880.3601,INT,L,A,EVEN,42,119,LBALB.32R2,LBALB_32R2
RB.A23,MB.A33R2,4902.4901,INT,L,B,ODD,36,36,LBBLA.33R2,LBBLA_33R2
RB.A23,MB.B33R2,4918.1501,INT,L,A,EVEN,41,118,LBALA.33R2,LBALA_33R2
RB.A23,MB.C33R2,4933.8101,INT,L,B,ODD,37,37,LBBLD.33R2,LBBLD_33R2
RB.A23,MB.A34R2,4955.9401,INT,L,A,EVEN,40,117,LBALA.34R2,LBALA_34R2
RB.A23,MB.B34R2,4971.6001,INT,L,B,ODD,38,38,LBBLA.34R2,LBBLA_34R2
RB.A23,MB.C34R2,4987.2601,INT,L,A,EVEN,39,116,LBALB.34R2,LBALB_34R2
RB.A23,MB.C34L3,5009.3901,INT,L,B,ODD,39,39,LBBLA.34L3,LBBLA_34L3
RB.A23,MB.B34L3,5025.0501,INT,L,A,EVEN,38,115,LBALA.34L3,LBALA_34L3
RB.A23,MB.A34L3,5040.7101,INT,L,B,ODD,40,40,LBBLD.34L3,LBBLD_34L3
RB.A23,MB.C33L3,5062.8401,INT,L,A,EVEN,37,114,LBALA.33L3,LBALA_33L3
RB.A23,MB.B33L3,5078.5001,INT,L,B,ODD,41,41,LBBLA.33L3,LBBLA_33L3
RB.A23,MB.A33L3,5094.1601,INT,L,A,EVEN,36,113,LBALB.33L3,LBALB_33L3
RB.A23,MB.C32L3,5116.2901,INT,L,B,ODD,42,42,LBBLA.32L3,LBBLA_32L3
RB.A23,MB.B32L3,5131.9501,INT,L,A,EVEN,35,112,LBALA.32L3,LBALA_32L3
RB.A23,MB.A32L3,5147.6101,INT,L,B,ODD,43,43,LBBLD.32L3,LBBLD_32L3
RB.A23,MB.C31L3,5169.7401,INT,L,A,EVEN,34,111,LBALA.31L3,LBALA_31L3
RB.A23,MB.B31L3,5185.4001,INT,L,B,ODD,44,44,LBBLA.31L3,LBBLA_31L3
RB.A23,MB.A31L3,5201.0601,INT,L,A,EVEN,33,110,LBALB.31L3,LBALB_31L3
RB.A23,MB.C30L3,5223.1901,INT,L,B,ODD,45,45,LBBLA.30L3,LBBLA_30L3
RB.A23,MB.B30L3,5238.8501,INT,L,A,EVEN,32,109,LBALA.30L3,LBALA_30L3
RB.A23,MB.A30L3,5254.5101,INT,L,B,ODD,46,46,LBBLD.30L3,LBBLD_30L3
RB.A23,MB.C29L3,5276.6401,INT,L,A,EVEN,31,108,LBALA.29L3,LBALA_29L3
RB.A23,MB.B29L3,5292.3001,INT,L,B,ODD,47,47,LBBLA.29L3,LBBLA_29L3
RB.A23,MB.A29L3,5307.9601,INT,L,A,EVEN,30,107,LBALB.29L3,LBALB_29L3
RB.A23,MB.C28L3,5330.0901,INT,L,B,ODD,48,48,LBBLA.28L3,LBBLA_28L3
RB.A23,MB.B28L3,5345.7501,INT,L,A,EVEN,29,106,LBALA.28L3,LBALA_28L3
RB.A23,MB.A28L3,5361.4101,INT,L,B,ODD,49,49,LBBLD.28L3,LBBLD_28L3
RB.A23,MB.C27L3,5383.5401,INT,L,A,EVEN,28,105,LBALA.27L3,LBALA_27L3
RB.A23,MB.B27L3,5399.2001,INT,L,B,ODD,50,50,LBBLA.27L3,LBBLA_27L3
RB.A23,MB.A27L3,5414.8601,INT,L,A,EVEN,27,104,LBALB.27L3,LBALB_27L3
RB.A23,MB.C26L3,5436.9901,INT,L,B,ODD,51,51,LBBLA.26L3,LBBLA_26L3
RB.A23,MB.B26L3,5452.6501,INT,L,A,EVEN,26,103,LBALA.26L3,LBALA_26L3
RB.A23,MB.A26L3,5468.3101,INT,L,B,ODD,52,52,LBBLD.26L3,LBBLD_26L3
RB.A23,MB.C25L3,5490.4401,INT,L,A,EVEN,25,102,LBALA.25L3,LBALA_25L3
RB.A23,MB.B25L3,5506.1001,INT,L,B,ODD,53,53,LBBLA.25L3,LBBLA_25L3
RB.A23,MB.A25L3,5521.7601,INT,L,A,EVEN,24,101,LBALB.25L3,LBALB_25L3
RB.A23,MB.C24L3,5543.8901,INT,L,B,ODD,54,54,LBBLA.24L3,LBBLA_24L3
RB.A23,MB.B24L3,5559.5501,INT,L,A,EVEN,23,100,LBALA.24L3,LBALA_24L3
RB.A23,MB.A24L3,5575.2101,INT,L,B,ODD,55,55,LBBLD.24L3,LBBLD_24L3
RB.A23,MB.C23L3,5597.3401,INT,L,A,EVEN,22,99,LBALA.23L3,LBALA_23L3
RB.A23,MB.B23L3,5613.0001,INT,L,B,ODD,56,56,LBBLA.23L3,LBBLA_23L3
RB.A23,MB.A23L3,5628.6601,INT,L,A,EVEN,21,98,LBALB.23L3,LBALB_23L3
RB.A23,MB.C22L3,5650.7901,INT,L,B,ODD,57,57,LBBLA.22L3,LBBLA_22L3
RB.A23,MB.B22L3,5666.4501,INT,L,A,EVEN,20,97,LBALA.22L3,LBALA_22L3
RB.A23,MB.A22L3,5682.1101,INT,L,B,ODD,58,58,LBBLD.22L3,LBBLD_22L3
RB.A23,MB.C21L3,5704.2401,INT,L,A,EVEN,19,96,LBALA.21L3,LBALA_21L3
RB.A23,MB.B21L3,5719.9001,INT,L,B,ODD,59,59,LBBLA.21L3,LBBLA_21L3
RB.A23,MB.A21L3,5735.5601,INT,L,A,EVEN,18,95,LBALB.21L3,LBALB_21L3
RB.A23,MB.C20L3,5757.6901,INT,L,B,ODD,60,60,LBBLA.20L3,LBBLA_20L3
RB.A23,MB.B20L3,5773.3501,INT,L,A,EVEN,17,94,LBALA.20L3,LBALA_20L3
RB.A23,MB.A20L3,5789.0101,INT,L,B,ODD,61,61,LBBLD.20L3,LBBLD_20L3
RB.A23,MB.C19L3,5811.1401,INT,L,A,EVEN,16,93,LBALA.19L3,LBALA_19L3
RB.A23,MB.B19L3,5826.8001,INT,L,B,ODD,62,62,LBBLA.19L3,LBBLA_19L3
RB.A23,MB.A19L3,5842.4601,INT,L,A,EVEN,15,92,LBALB.19L3,LBALB_19L3
RB.A23,MB.C18L3,5864.5901,INT,L,B,ODD,63,63,LBBLA.18L3,LBBLA_18L3
RB.A23,MB.B18L3,5880.2501,INT,L,A,EVEN,14,91,LBALA.18L3,LBALA_18L3
RB.A23,MB.A18L3,5895.9101,INT,L,B,ODD,64,64,LBBLD.18L3,LBBLD_18L3
RB.A23,MB.C17L3,5918.0401,INT,L,A,EVEN,13,90,LBALA.17L3,LBALA_17L3
RB.A23,MB.B17L3,5933.7001,INT,L,B,ODD,65,65,LBBLA.17L3,LBBLA_17L3
RB.A23,MB.A17L3,5949.3601,INT,L,A,EVEN,12,89,LBALB.17L3,LBALB_17L3
RB.A23,MB.C16L3,5971.4901,INT,L,B,ODD,66,66,LBBLA.16L3,LBBLA_16L3
RB.A23,MB.B16L3,5987.1501,INT,L,A,EVEN,11,88,LBALA.16L3,LBALA_16L3
RB.A23,MB.A16L3,6002.8101,INT,L,B,ODD,67,67,LBBLD.16L3,LBBLD_16L3
RB.A23,MB.C15L3,6024.9401,INT,L,A,EVEN,10,87,LBALA.15L3,LBALA_15L3
RB.A23,MB.B15L3,6040.6001,INT,L,B,ODD,68,68,LBBLA.15L3,LBBLA_15L3
RB.A23,MB.A15L3,6056.2601,INT,L,A,EVEN,9,86,LBALB.15L3,LBALB_15L3
RB.A23,MB.C14L3,6078.3901,INT,L,B,ODD,69,69,LBBLA.14L3,LBBLA_14L3
RB.A23,MB.B14L3,6094.0501,INT,L,A,EVEN,8,85,LBALA.14L3,LBALA_14L3
RB.A23,MB.A14L3,6109.7101,INT,L,B,ODD,70,70,LBBLD.14L3,LBBLD_14L3
RB.A23,MB.C13L3,6131.8401,INT,L,A,EVEN,7,84,LBALA.13L3,LBALA_13L3
RB.A23,MB.B13L3,6147.5001,INT,L,B,ODD,71,71,LBBLA.13L3,LBBLA_13L3
RB.A23,MB.A13L3,6163.1601,INT,L,A,EVEN,6,83,LBALB.13L3,LBALB_13L3
RB.A23,MB.C12L3,6185.2901,INT,L,B,ODD,72,72,LBBLA.12L3,LBBLA_12L3
RB.A23,MB.B12L3,6200.9501,INT,L,A,EVEN,5,82,LBALA.12L3,LBALA_12L3
RB.A23,MB.A12L3,6216.6101,INT,L,B,ODD,73,73,LBBLD.12L3,LBBLD_12L3
RB.A23,MB.B11L3,6253.7318,INT,L,A,EVEN,4,81,LBALA.11L3,LBALA_11L3
RB.A23,MB.A11L3,6269.3918,INT,L,B,ODD,74,74,LBBLB.11L3,LBBLB_11L3
RB.A23,MB.B10L3,6292.7968,INT,L,A,EVEN,3,80,LBALA.10L3,LBALA_10L3
RB.A23,MB.A10L3,6308.4568,INT,L,B,ODD,75,75,LBBLD.10L3,LBBLD_10L3
RB.A23,MB.B9L3,6333.2618,INT,L,A,EVEN,2,79,LBALA.9L3,LBALA_09L3
RB.A23,MB.A9L3,6348.9218,INT,L,B,ODD,76,76,LBBLB.9L3,LBBLB_09L3
RB.A23,MB.B8L3,6372.3268,INT,L,A,EVEN,1,78,LBALA.8L3,LBALA_08L3
RB.A23,MB.A8L3,6387.9868,INT,L,B,ODD,77,77,LBBLR.8L3,LBBLR_08L3
RB.A34,MB.A8R3,6941.4548,INT,L,A,ODD,77,77,LBALA.8R3,LBALA_08R3
RB.A34,MB.B8R3,6957.1148,INT,L,B,EVEN,1,78,LBBLB.8R3,LBBLB_08R3
RB.A34,MB.A9R3,6980.5198,INT,L,A,ODD,76,76,LBALA.9R3,LBALA_09R3
RB.A34,MB.B9R3,6996.1798,INT,L,B,EVEN,2,79,LBBLD.9R3,LBBLD_09R3
RB.A34,MB.A10R3,7020.9848,INT,L,A,ODD,75,75,LBALA.10R3,LBALA_10R3
RB.A34,MB.B10R3,7036.6448,INT,L,B,EVEN,3,80,LBBLB.10R3,LBBLB_10R3
RB.A34,MB.A11R3,7060.0498,INT,L,A,ODD,74,74,LBALA.11R3,LBALA_11R3
RB.A34,MB.B11R3,7075.7098,INT,L,B,EVEN,4,81,LBBLA.11R3,LBBLA_11R3
RB.A34,MB.A12R3,7112.8315,INT,L,A,ODD,73,73,LBALA.12R3,LBALA_12R3
RB.A34,MB.B12R3,7128.4915,INT,L,B,EVEN,5,82,LBBLA.12R3,LBBLA_12R3
RB.A34,MB.C12R3,7144.1515,INT,L,A,ODD,72,72,LBALB.12R3,LBALB_12R3
RB.A34,MB.A13R3,7166.2815,INT,L,B,EVEN,6,83,LBBLA.13R3,LBBLA_13R3
RB.A34,MB.B13R3,7181.9415,INT,L,A,ODD,71,71,LBALA.13R3,LBALA_13R3
RB.A34,MB.C13R3,7197.6015,INT,L,B,EVEN,7,84,LBBLD.13R3,LBBLD_13R3
RB.A34,MB.A14R3,7219.7315,INT,L,A,ODD,70,70,LBALA.14R3,LBALA_14R3
RB.A34,MB.B14R3,7235.3915,INT,L,B,EVEN,8,85,LBBLA.14R3,LBBLA_14R3
RB.A34,MB.C14R3,7251.0515,INT,L,A,ODD,69,69,LBALB.14R3,LBALB_14R3
RB.A34,MB.A15R3,7273.1815,INT,L,B,EVEN,9,86,LBBLA.15R3,LBBLA_15R3
RB.A34,MB.B15R3,7288.8415,INT,L,A,ODD,68,68,LBALA.15R3,LBALA_15R3
RB.A34,MB.C15R3,7304.5015,INT,L,B,EVEN,10,87,LBBLD.15R3,LBBLD_15R3
RB.A34,MB.A16R3,7326.6315,INT,L,A,ODD,67,67,LBALA.16R3,LBALA_16R3
RB.A34,MB.B16R3,7342.2915,INT,L,B,EVEN,11,88,LBBLA.16R3,LBBLA_16R3
RB.A34,MB.C16R3,7357.9515,INT,L,A,ODD,66,66,LBALB.16R3,LBALB_16R3
RB.A34,MB.A17R3,7380.0815,INT,L,B,EVEN,12,89,LBBLA.17R3,LBBLA_17R3
RB.A34,MB.B17R3,7395.7415,INT,L,A,ODD,65,65,LBALA.17R3,LBALA_17R3
RB.A34,MB.C17R3,7411.4015,INT,L,B,EVEN,13,90,LBBLD.17R3,LBBLD_17R3
RB.A34,MB.A18R3,7433.5315,INT,L,A,ODD,64,64,LBALA.18R3,LBALA_18R3
RB.A34,MB.B18R3,7449.1915,INT,L,B,EVEN,14,91,LBBLA.18R3,LBBLA_18R3
RB.A34,MB.C18R3,7464.8515,INT,L,A,ODD,63,63,LBALB.18R3,LBALB_18R3
RB.A34,MB.A19R3,7486.9815,INT,L,B,EVEN,15,92,LBBLA.19R3,LBBLA_19R3
RB.A34,MB.B19R3,7502.6415,INT,L,A,ODD,62,62,LBALA.19R3,LBALA_19R3
RB.A34,MB.C19R3,7518.3015,INT,L,B,EVEN,16,93,LBBLD.19R3,LBBLD_19R3
RB.A34,MB.A20R3,7540.4315,INT,L,A,ODD,61,61,LBALA.20R3,LBALA_20R3
RB.A34,MB.B20R3,7556.0915,INT,L,B,EVEN,17,94,LBBLA.20R3,LBBLA_20R3
RB.A34,MB.C20R3,7571.7515,INT,L,A,ODD,60,60,LBALB.20R3,LBALB_20R3
RB.A34,MB.A21R3,7593.8815,INT,L,B,EVEN,18,95,LBBLA.21R3,LBBLA_21R3
RB.A34,MB.B21R3,7609.5415,INT,L,A,ODD,59,59,LBALA.21R3,LBALA_21R3
RB.A34,MB.C21R3,7625.2015,INT,L,B,EVEN,19,96,LBBLD.21R3,LBBLD_21R3
RB.A34,MB.A22R3,7647.3315,INT,L,A,ODD,58,58,LBALA.22R3,LBALA_22R3
RB.A34,MB.B22R3,7662.9915,INT,L,B,EVEN,20,97,LBBLA.22R3,LBBLA_22R3
RB.A34,MB.C22R3,7678.6515,INT,L,A,ODD,57,57,LBALB.22R3,LBALB_22R3
RB.A34,MB.A23R3,7700.7815,INT,L,B,EVEN,21,98,LBBLA.23R3,LBBLA_23R3
RB.A34,MB.B23R3,7716.4415,INT,L,A,ODD,56,56,LBALA.23R3,LBALA_23R3
RB.A34,MB.C23R3,7732.1015,INT,L,B,EVEN,22,99,LBBLD.23R3,LBBLD_23R3
RB.A34,MB.A24R3,7754.2315,INT,L,A,ODD,55,55,LBALA.24R3,LBALA_24R3
RB.A34,MB.B24R3,7769.8915,INT,L,B,EVEN,23,100,LBBLA.24R3,LBBLA_24R3
RB.A34,MB.C24R3,7785.5515,INT,L,A,ODD,54,54,LBALB.24R3,LBALB_24R3
RB.A34,MB.A25R3,7807.6815,INT,L,B,EVEN,24,101,LBBLA.25R3,LBBLA_25R3
RB.A34,MB.B25R3,7823.3415,INT,L,A,ODD,53,53,LBALA.25R3,LBALA_25R3
RB.A34,MB.C25R3,7839.0015,INT,L,B,EVEN,25,102,LBBLD.25R3,LBBLD_25R3
RB.A34,MB.A26R3,7861.1315,INT,L,A,ODD,52,52,LBALA.26R3,LBALA_26R3
RB.A34,MB.B26R3,7876.7915,INT,L,B,EVEN,26,103,LBBLA.26R3,LBBLA_26R3
RB.A34,MB.C26R3,7892.4515,INT,L,A,ODD,51,51,LBALB.26R3,LBALB_26R3
RB.A34,MB.A27R3,7914.5815,INT,L,B,EVEN,27,104,LBBLA.27R3,LBBLA_27R3
RB.A34,MB.B27R3,7930.2415,INT,L,A,ODD,50,50,LBALA.27R3,LBALA_27R3
RB.A34,MB.C27R3,7945.9015,INT,L,B,EVEN,28,105,LBBLD.27R3,LBBLD_27R3
RB.A34,MB.A28R3,7968.0315,INT,L,A,ODD,49,49,LBALA.28R3,LBALA_28R3
RB.A34,MB.B28R3,7983.6915,INT,L,B,EVEN,29,106,LBBLA.28R3,LBBLA_28R3
RB.A34,MB.C28R3,7999.3515,INT,L,A,ODD,48,48,LBALB.28R3,LBALB_28R3
RB.A34,MB.A29R3,8021.4815,INT,L,B,EVEN,30,107,LBBLA.29R3,LBBLA_29R3
RB.A34,MB.B29R3,8037.1415,INT,L,A,ODD,47,47,LBALA.29R3,LBALA_29R3
RB.A34,MB.C29R3,8052.8015,INT,L,B,EVEN,31,108,LBBLD.29R3,LBBLD_29R3
RB.A34,MB.A30R3,8074.9315,INT,L,A,ODD,46,46,LBALA.30R3,LBALA_30R3
RB.A34,MB.B30R3,8090.5915,INT,L,B,EVEN,32,109,LBBLA.30R3,LBBLA_30R3
RB.A34,MB.C30R3,8106.2515,INT,L,A,ODD,45,45,LBALB.30R3,LBALB_30R3
RB.A34,MB.A31R3,8128.3815,INT,L,B,EVEN,33,110,LBBLA.31R3,LBBLA_31R3
RB.A34,MB.B31R3,8144.0415,INT,L,A,ODD,44,44,LBALA.31R3,LBALA_31R3
RB.A34,MB.C31R3,8159.7015,INT,L,B,EVEN,34,111,LBBLD.31R3,LBBLD_31R3
RB.A34,MB.A32R3,8181.8315,INT,L,A,ODD,43,43,LBALA.32R3,LBALA_32R3
RB.A34,MB.B32R3,8197.4915,INT,L,B,EVEN,35,112,LBBLA.32R3,LBBLA_32R3
RB.A34,MB.C32R3,8213.1515,INT,L,A,ODD,42,42,LBALB.32R3,LBALB_32R3
RB.A34,MB.A33R3,8235.2815,INT,L,B,EVEN,36,113,LBBLA.33R3,LBBLA_33R3
RB.A34,MB.B33R3,8250.9415,INT,L,A,ODD,41,41,LBALA.33R3,LBALA_33R3
RB.A34,MB.C33R3,8266.6015,INT,L,B,EVEN,37,114,LBBLD.33R3,LBBLD_33R3
RB.A34,MB.A34R3,8288.7315,INT,L,A,ODD,40,40,LBALA.34R3,LBALA_34R3
RB.A34,MB.B34R3,8304.3915,INT,L,B,EVEN,38,115,LBBLA.34R3,LBBLA_34R3
RB.A34,MB.C34R3,8320.0515,INT,L,A,ODD,39,39,LBALB.34R3,LBALB_34R3
RB.A34,MB.C34L4,8342.1815,INT,L,B,EVEN,39,116,LBBLA.34L4,LBBLA_34L4
RB.A34,MB.B34L4,8357.8415,INT,L,A,ODD,38,38,LBALA.34L4,LBALA_34L4
RB.A34,MB.A34L4,8373.5015,INT,L,B,EVEN,40,117,LBBLD.34L4,LBBLD_34L4
RB.A34,MB.C33L4,8395.6315,INT,L,A,ODD,37,37,LBALA.33L4,LBALA_33L4
RB.A34,MB.B33L4,8411.2915,INT,L,B,EVEN,41,118,LBBLA.33L4,LBBLA_33L4
RB.A34,MB.A33L4,8426.9515,INT,L,A,ODD,36,36,LBALB.33L4,LBALB_33L4
RB.A34,MB.C32L4,8449.0815,INT,L,B,EVEN,42,119,LBBLA.32L4,LBBLA_32L4
RB.A34,MB.B32L4,8464.7415,INT,L,A,ODD,35,35,LBALA.32L4,LBALA_32L4
RB.A34,MB.A32L4,8480.4015,INT,L,B,EVEN,43,120,LBBLD.32L4,LBBLD_32L4
RB.A34,MB.C31L4,8502.5315,INT,L,A,ODD,34,34,LBALA.31L4,LBALA_31L4
RB.A34,MB.B31L4,8518.1915,INT,L,B,EVEN,44,121,LBBLA.31L4,LBBLA_31L4
RB.A34,MB.A31L4,8533.8515,INT,L,A,ODD,33,33,LBALB.31L4,LBALB_31L4
RB.A34,MB.C30L4,8555.9815,INT,L,B,EVEN,45,122,LBBLA.30L4,LBBLA_30L4
RB.A34,MB.B30L4,8571.6415,INT,L,A,ODD,32,32,LBALA.30L4,LBALA_30L4
RB.A34,MB.A30L4,8587.3015,INT,L,B,EVEN,46,123,LBBLD.30L4,LBBLD_30L4
RB.A34,MB.C29L4,8609.4315,INT,L,A,ODD,31,31,LBALA.29L4,LBALA_29L4
RB.A34,MB.B29L4,8625.0915,INT,L,B,EVEN,47,124,LBBLA.29L4,LBBLA_29L4
RB.A34,MB.A29L4,8640.7515,INT,L,A,ODD,30,30,LBALB.29L4,LBALB_29L4
RB.A34,MB.C28L4,8662.8815,INT,L,B,EVEN,48,125,LBBLA.28L4,LBBLA_28L4
RB.A34,MB.B28L4,8678.5415,INT,L,A,ODD,29,29,LBALA.28L4,LBALA_28L4
RB.A34,MB.A28L4,8694.2015,INT,L,B,EVEN,49,126,LBBLD.28L4,LBBLD_28L4
RB.A34,MB.C27L4,8716.3315,INT,L,A,ODD,28,28,LBALA.27L4,LBALA_27L4
RB.A34,MB.B27L4,8731.9915,INT,L,B,EVEN,50,127,LBBLA.27L4,LBBLA_27L4
RB.A34,MB.A27L4,8747.6515,INT,L,A,ODD,27,27,LBALB.27L4,LBALB_27L4
RB.A34,MB.C26L4,8769.7815,INT,L,B,EVEN,51,128,LBBLA.26L4,LBBLA_26L4
RB.A34,MB.B26L4,8785.4415,INT,L,A,ODD,26,26,LBALA.26L4,LBALA_26L4
RB.A34,MB.A26L4,8801.1015,INT,L,B,EVEN,52,129,LBBLD.26L4,LBBLD_26L4
RB.A34,MB.C25L4,8823.2315,INT,L,A,ODD,25,25,LBALA.25L4,LBALA_25L4
RB.A34,MB.B25L4,8838.8915,INT,L,B,EVEN,53,130,LBBLA.25L4,LBBLA_25L4
RB.A34,MB.A25L4,8854.5515,INT,L,A,ODD,24,24,LBALB.25L4,LBALB_25L4
RB.A34,MB.C24L4,8876.6815,INT,L,B,EVEN,54,131,LBBLA.24L4,LBBLA_24L4
RB.A34,MB.B24L4,8892.3415,INT,L,A,ODD,23,23,LBALA.24L4,LBALA_24L4
RB.A34,MB.A24L4,8908.0015,INT,L,B,EVEN,55,132,LBBLC.24L4,LBBLC_24L4
RB.A34,MB.C23L4,8930.1315,INT,L,A,ODD,22,22,LBALA.23L4,LBALA_23L4
RB.A34,MB.B23L4,8945.7915,INT,L,B,EVEN,56,133,LBBLA.23L4,LBBLA_23L4
RB.A34,MB.A23L4,8961.4515,INT,L,A,ODD,21,21,LBALB.23L4,LBALB_23L4
RB.A34,MB.C22L4,8983.5815,INT,L,B,EVEN,57,134,LBBLA.22L4,LBBLA_22L4
RB.A34,MB.B22L4,8999.2415,INT,L,A,ODD,20,20,LBALA.22L4,LBALA_22L4
RB.A34,MB.A22L4,9014.9015,INT,L,B,EVEN,58,135,LBBLC.22L4,LBBLC_22L4
RB.A34,MB.C21L4,9037.0315,INT,L,A,ODD,19,19,LBALA.21L4,LBALA_21L4
RB.A34,MB.B21L4,9052.6915,INT,L,B,EVEN,59,136,LBBLA.21L4,LBBLA_21L4
RB.A34,MB.A21L4,9068.3515,INT,L,A,ODD,18,18,LBALB.21L4,LBALB_21L4
RB.A34,MB.C20L4,9090.4815,INT,L,B,EVEN,60,137,LBBLA.20L4,LBBLA_20L4
RB.A34,MB.B20L4,9106.1415,INT,L,A,ODD,17,17,LBALA.20L4,LBALA_20L4
RB.A34,MB.A20L4,9121.8015,INT,L,B,EVEN,61,138,LBBLC.20L4,LBBLC_20L4
RB.A34,MB.C19L4,9143.9315,INT,L,A,ODD,16,16,LBALA.19L4,LBALA_19L4
RB.A34,MB.B19L4,9159.5915,INT,L,B,EVEN,62,139,LBBLA.19L4,LBBLA_19L4
RB.A34,MB.A19L4,9175.2515,INT,L,A,ODD,15,15,LBALB.19L4,LBALB_19L4
RB.A34,MB.C18L4,9197.3815,INT,L,B,EVEN,63,140,LBBLA.18L4,LBBLA_18L4
RB.A34,MB.B18L4,9213.0415,INT,L,A,ODD,14,14,LBALA.18L4,LBALA_18L4
RB.A34,MB.A18L4,9228.7015,INT,L,B,EVEN,64,141,LBBLC.18L4,LBBLC_18L4
RB.A34,MB.C17L4,9250.8315,INT,L,A,ODD,13,13,LBALA.17L4,LBALA_17L4
RB.A34,MB.B17L4,9266.4915,INT,L,B,EVEN,65,142,LBBLA.17L4,LBBLA_17L4
RB.A34,MB.A17L4,9282.1515,INT,L,A,ODD,12,12,LBALB.17L4,LBALB_17L4
RB.A34,MB.C16L4,9304.2815,INT,L,B,EVEN,66,143,LBBLA.16L4,LBBLA_16L4
RB.A34,MB.B16L4,9319.9415,INT,L,A,ODD,11,11,LBALA.16L4,LBALA_16L4
RB.A34,MB.A16L4,9335.6015,INT,L,B,EVEN,67,144,LBBLC.16L4,LBBLC_16L4
RB.A34,MB.C15L4,9357.7315,INT,L,A,ODD,10,10,LBALA.15L4,LBALA_15L4
RB.A34,MB.B15L4,9373.3915,INT,L,B,EVEN,68,145,LBBLA.15L4,LBBLA_15L4
RB.A34,MB.A15L4,9389.0515,INT,L,A,ODD,9,9,LBALB.15L4,LBALB_15L4
RB.A34,MB.C14L4,9411.1815,INT,L,B,EVEN,69,146,LBBLA.14L4,LBBLA_14L4
RB.A34,MB.B14L4,9426.8415,INT,L,A,ODD,8,8,LBALA.14L4,LBALA_14L4
RB.A34,MB.A14L4,9442.5015,INT,L,B,EVEN,70,147,LBBLC.14L4,LBBLC_14L4
RB.A34,MB.C13L4,9464.6315,INT,L,A,ODD,7,7,LBALA.13L4,LBALA_13L4
RB.A34,MB.B13L4,9480.2915,INT,L,B,EVEN,71,148,LBBLA.13L4,LBBLA_13L4
RB.A34,MB.A13L4,9495.9515,INT,L,A,ODD,6,6,LBALB.13L4,LBALB_13L4
RB.A34,MB.C12L4,9518.0815,INT,L,B,EVEN,72,149,LBBLA.12L4,LBBLA_12L4
RB.A34,MB.B12L4,9533.7415,INT,L,A,ODD,5,5,LBALA.12L4,LBALA_12L4
RB.A34,MB.A12L4,9549.4015,INT,L,B,EVEN,73,150,LBBLC.12L4,LBBLC_12L4
RB.A34,MB.B11L4,9585.5812,INT,L,A,ODD,4,4,LBALA.11L4,LBALA_11L4
RB.A34,MB.A11L4,9601.2412,INT,L,B,EVEN,74,151,LBBLP.11L4,LBBLP_11L4
RB.A34,MB.B10L4,9624.6462,INT,L,A,ODD,3,3,LBALE.10L4,LBALE_10L4
RB.A34,MB.A10L4,9640.3062,INT,L,B,EVEN,75,152,LBBLI.10L4,LBBLI_10L4
RB.A34,MB.B9L4,9665.1112,INT,L,A,ODD,2,2,LBALE.9L4,LBALE_09L4
RB.A34,MB.A9L4,9680.7712,INT,L,B,EVEN,76,153,LBBLF.9L4,LBBLF_09L4
RB.A34,MB.B8L4,9704.1762,INT,L,A,ODD,1,1,LBALE.8L4,LBALE_08L4
RB.A34,MB.A8L4,9719.8362,INT,L,B,EVEN,77,154,LBBLQ.8L4,LBBLQ_08L4
RB.A45,MB.A8R4,10274.3262,INT,L,A,EVEN,77,154,LBALE.8R4,LBALE_08R4
RB.A45,MB.B8R4,10289.9862,INT,L,B,ODD,1,1,LBBLF.8R4,LBBLF_08R4
RB.A45,MB.A9R4,10313.3912,INT,L,A,EVEN,76,153,LBALE.9R4,LBALE_09R4
RB.A45,MB.B9R4,10329.0512,INT,L,B,ODD,2,2,LBBLI.9R4,LBBLI_09R4
RB.A45,MB.A10R4,10353.8562,INT,L,A,EVEN,75,152,LBALE.10R4,LBALE_10R4
RB.A45,MB.B10R4,10369.5162,INT,L,B,ODD,3,3,LBBLF.10R4,LBBLF_10R4
RB.A45,MB.A11R4,10392.9212,INT,L,A,EVEN,74,151,LBALA.11R4,LBALA_11R4
RB.A45,MB.B11R4,10408.5812,INT,L,B,ODD,4,4,LBBLA.11R4,LBBLA_11R4
RB.A45,MB.A12R4,10444.7609,INT,L,A,EVEN,73,150,LBALA.12R4,LBALA_12R4
RB.A45,MB.B12R4,10460.4209,INT,L,B,ODD,5,5,LBBLA.12R4,LBBLA_12R4
RB.A45,MB.C12R4,10476.0809,INT,L,A,EVEN,72,149,LBALB.12R4,LBALB_12R4
RB.A45,MB.A13R4,10498.2109,INT,L,B,ODD,6,6,LBBLA.13R4,LBBLA_13R4
RB.A45,MB.B13R4,10513.8709,INT,L,A,EVEN,71,148,LBALA.13R4,LBALA_13R4
RB.A45,MB.C13R4,10529.5309,INT,L,B,ODD,7,7,LBBLC.13R4,LBBLC_13R4
RB.A45,MB.A14R4,10551.6609,INT,L,A,EVEN,70,147,LBALA.14R4,LBALA_14R4
RB.A45,MB.B14R4,10567.3209,INT,L,B,ODD,8,8,LBBLA.14R4,LBBLA_14R4
RB.A45,MB.C14R4,10582.9809,INT,L,A,EVEN,69,146,LBALB.14R4,LBALB_14R4
RB.A45,MB.A15R4,10605.1109,INT,L,B,ODD,9,9,LBBLA.15R4,LBBLA_15R4
RB.A45,MB.B15R4,10620.7709,INT,L,A,EVEN,68,145,LBALA.15R4,LBALA_15R4
RB.A45,MB.C15R4,10636.4309,INT,L,B,ODD,10,10,LBBLC.15R4,LBBLC_15R4
RB.A45,MB.A16R4,10658.5609,INT,L,A,EVEN,67,144,LBALA.16R4,LBALA_16R4
RB.A45,MB.B16R4,10674.2209,INT,L,B,ODD,11,11,LBBLA.16R4,LBBLA_16R4
RB.A45,MB.C16R4,10689.8809,INT,L,A,EVEN,66,143,LBALB.16R4,LBALB_16R4
RB.A45,MB.A17R4,10712.0109,INT,L,B,ODD,12,12,LBBLA.17R4,LBBLA_17R4
RB.A45,MB.B17R4,10727.6709,INT,L,A,EVEN,65,142,LBALA.17R4,LBALA_17R4
RB.A45,MB.C17R4,10743.3309,INT,L,B,ODD,13,13,LBBLC.17R4,LBBLC_17R4
RB.A45,MB.A18R4,10765.4609,INT,L,A,EVEN,64,141,LBALA.18R4,LBALA_18R4
RB.A45,MB.B18R4,10781.1209,INT,L,B,ODD,14,14,LBBLA.18R4,LBBLA_18R4
RB.A45,MB.C18R4,10796.7809,INT,L,A,EVEN,63,140,LBALB.18R4,LBALB_18R4
RB.A45,MB.A19R4,10818.9109,INT,L,B,ODD,15,15,LBBLA.19R4,LBBLA_19R4
RB.A45,MB.B19R4,10834.5709,INT,L,A,EVEN,62,139,LBALA.19R4,LBALA_19R4
RB.A45,MB.C19R4,10850.2309,INT,L,B,ODD,16,16,LBBLC.19R4,LBBLC_19R4
RB.A45,MB.A20R4,10872.3609,INT,L,A,EVEN,61,138,LBALA.20R4,LBALA_20R4
RB.A45,MB.B20R4,10888.0209,INT,L,B,ODD,17,17,LBBLA.20R4,LBBLA_20R4
RB.A45,MB.C20R4,10903.6809,INT,L,A,EVEN,60,137,LBALB.20R4,LBALB_20R4
RB.A45,MB.A21R4,10925.8109,INT,L,B,ODD,18,18,LBBLA.21R4,LBBLA_21R4
RB.A45,MB.B21R4,10941.4709,INT,L,A,EVEN,59,136,LBALA.21R4,LBALA_21R4
RB.A45,MB.C21R4,10957.1309,INT,L,B,ODD,19,19,LBBLC.21R4,LBBLC_21R4
RB.A45,MB.A22R4,10979.2609,INT,L,A,EVEN,58,135,LBALA.22R4,LBALA_22R4
RB.A45,MB.B22R4,10994.9209,INT,L,B,ODD,20,20,LBBLA.22R4,LBBLA_22R4
RB.A45,MB.C22R4,11010.5809,INT,L,A,EVEN,57,134,LBALB.22R4,LBALB_22R4
RB.A45,MB.A23R4,11032.7109,INT,L,B,ODD,21,21,LBBLA.23R4,LBBLA_23R4
RB.A45,MB.B23R4,11048.3709,INT,L,A,EVEN,56,133,LBALA.23R4,LBALA_23R4
RB.A45,MB.C23R4,11064.0309,INT,L,B,ODD,22,22,LBBLC.23R4,LBBLC_23R4
RB.A45,MB.A24R4,11086.1609,INT,L,A,EVEN,55,132,LBALA.24R4,LBALA_24R4
RB.A45,MB.B24R4,11101.8209,INT,L,B,ODD,23,23,LBBLA.24R4,LBBLA_24R4
RB.A45,MB.C24R4,11117.4809,INT,L,A,EVEN,54,131,LBALB.24R4,LBALB_24R4
RB.A45,MB.A25R4,11139.6109,INT,L,B,ODD,24,24,LBBLA.25R4,LBBLA_25R4
RB.A45,MB.B25R4,11155.2709,INT,L,A,EVEN,53,130,LBALA.25R4,LBALA_25R4
RB.A45,MB.C25R4,11170.9309,INT,L,B,ODD,25,25,LBBLC.25R4,LBBLC_25R4
RB.A45,MB.A26R4,11193.0609,INT,L,A,EVEN,52,129,LBALA.26R4,LBALA_26R4
RB.A45,MB.B26R4,11208.7209,INT,L,B,ODD,26,26,LBBLA.26R4,LBBLA_26R4
RB.A45,MB.C26R4,11224.3809,INT,L,A,EVEN,51,128,LBALB.26R4,LBALB_26R4
RB.A45,MB.A27R4,11246.5109,INT,L,B,ODD,27,27,LBBLA.27R4,LBBLA_27R4
RB.A45,MB.B27R4,11262.1709,INT,L,A,EVEN,50,127,LBALA.27R4,LBALA_27R4
RB.A45,MB.C27R4,11277.8309,INT,L,B,ODD,28,28,LBBLC.27R4,LBBLC_27R4
RB.A45,MB.A28R4,11299.9609,INT,L,A,EVEN,49,126,LBALA.28R4,LBALA_28R4
RB.A45,MB.B28R4,11315.6209,INT,L,B,ODD,29,29,LBBLA.28R4,LBBLA_28R4
RB.A45,MB.C28R4,11331.2809,INT,L,A,EVEN,48,125,LBALB.28R4,LBALB_28R4
RB.A45,MB.A29R4,11353.4109,INT,L,B,ODD,30,30,LBBLA.29R4,LBBLA_29R4
RB.A45,MB.B29R4,11369.0709,INT,L,A,EVEN,47,124,LBALA.29R4,LBALA_29R4
RB.A45,MB.C29R4,11384.7309,INT,L,B,ODD,31,31,LBBLC.29R4,LBBLC_29R4
RB.A45,MB.A30R4,11406.8609,INT,L,A,EVEN,46,123,LBALA.30R4,LBALA_30R4
RB.A45,MB.B30R4,11422.5209,INT,L,B,ODD,32,32,LBBLA.30R4,LBBLA_30R4
RB.A45,MB.C30R4,11438.1809,INT,L,A,EVEN,45,122,LBALB.30R4,LBALB_30R4
RB.A45,MB.A31R4,11460.3109,INT,L,B,ODD,33,33,LBBLA.31R4,LBBLA_31R4
RB.A45,MB.B31R4,11475.9709,INT,L,A,EVEN,44,121,LBALA.31R4,LBALA_31R4
RB.A45,MB.C31R4,11491.6309,INT,L,B,ODD,34,34,LBBLC.31R4,LBBLC_31R4
RB.A45,MB.A32R4,11513.7609,INT,L,A,EVEN,43,120,LBALA.32R4,LBALA_32R4
RB.A45,MB.B32R4,11529.4209,INT,L,B,ODD,35,35,LBBLA.32R4,LBBLA_32R4
RB.A45,MB.C32R4,11545.0809,INT,L,A,EVEN,42,119,LBALB.32R4,LBALB_32R4
RB.A45,MB.A33R4,11567.2109,INT,L,B,ODD,36,36,LBBLA.33R4,LBBLA_33R4
RB.A45,MB.B33R4,11582.8709,INT,L,A,EVEN,41,118,LBALA.33R4,LBALA_33R4
RB.A45,MB.C33R4,11598.5309,INT,L,B,ODD,37,37,LBBLC.33R4,LBBLC_33R4
RB.A45,MB.A34R4,11620.6609,INT,L,A,EVEN,40,117,LBALA.34R4,LBALA_34R4
RB.A45,MB.B34R4,11636.3209,INT,L,B,ODD,38,38,LBBLA.34R4,LBBLA_34R4
RB.A45,MB.C34R4,11651.9809,INT,L,A,EVEN,39,116,LBALB.34R4,LBALB_34R4
RB.A45,MB.C34L5,11674.1109,INT,L,B,ODD,39,39,LBBLA.34L5,LBBLA_34L5
RB.A45,MB.B34L5,11689.7709,INT,L,A,EVEN,38,115,LBALA.34L5,LBALA_34L5
RB.A45,MB.A34L5,11705.4309,INT,L,B,ODD,40,40,LBBLC.34L5,LBBLC_34L5
RB.A45,MB.C33L5,11727.5609,INT,L,A,EVEN,37,114,LBALA.33L5,LBALA_33L5
RB.A45,MB.B33L5,11743.2209,INT,L,B,ODD,41,41,LBBLA.33L5,LBBLA_33L5
RB.A45,MB.A33L5,11758.8809,INT,L,A,EVEN,36,113,LBALB.33L5,LBALB_33L5
RB.A45,MB.C32L5,11781.0109,INT,L,B,ODD,42,42,LBBLA.32L5,LBBLA_32L5
RB.A45,MB.B32L5,11796.6709,INT,L,A,EVEN,35,112,LBALA.32L5,LBALA_32L5
RB.A45,MB.A32L5,11812.3309,INT,L,B,ODD,43,43,LBBLC.32L5,LBBLC_32L5
RB.A45,MB.C31L5,11834.4609,INT,L,A,EVEN,34,111,LBALA.31L5,LBALA_31L5
RB.A45,MB.B31L5,11850.1209,INT,L,B,ODD,44,44,LBBLA.31L5,LBBLA_31L5
RB.A45,MB.A31L5,11865.7809,INT,L,A,EVEN,33,110,LBALB.31L5,LBALB_31L5
RB.A45,MB.C30L5,11887.9109,INT,L,B,ODD,45,45,LBBLA.30L5,LBBLA_30L5
RB.A45,MB.B30L5,11903.5709,INT,L,A,EVEN,32,109,LBALA.30L5,LBALA_30L5
RB.A45,MB.A30L5,11919.2309,INT,L,B,ODD,46,46,LBBLC.30L5,LBBLC_30L5
RB.A45,MB.C29L5,11941.3609,INT,L,A,EVEN,31,108,LBALA.29L5,LBALA_29L5
RB.A45,MB.B29L5,11957.0209,INT,L,B,ODD,47,47,LBBLA.29L5,LBBLA_29L5
RB.A45,MB.A29L5,11972.6809,INT,L,A,EVEN,30,107,LBALB.29L5,LBALB_29L5
RB.A45,MB.C28L5,11994.8109,INT,L,B,ODD,48,48,LBBLA.28L5,LBBLA_28L5
RB.A45,MB.B28L5,12010.4709,INT,L,A,EVEN,29,106,LBALA.28L5,LBALA_28L5
RB.A45,MB.A28L5,12026.1309,INT,L,B,ODD,49,49,LBBLC.28L5,LBBLC_28L5
RB.A45,MB.C27L5,12048.2609,INT,L,A,EVEN,28,105,LBALA.27L5,LBALA_27L5
RB.A45,MB.B27L5,12063.9209,INT,L,B,ODD,50,50,LBBLA.27L5,LBBLA_27L5
RB.A45,MB.A27L5,12079.5809,INT,L,A,EVEN,27,104,LBALB.27L5,LBALB_27L5
RB.A45,MB.C26L5,12101.7109,INT,L,B,ODD,51,51,LBBLA.26L5,LBBLA_26L5
RB.A45,MB.B26L5,12117.3709,INT,L,A,EVEN,26,103,LBALA.26L5,LBALA_26L5
RB.A45,MB.A26L5,12133.0309,INT,L,B,ODD,52,52,LBBLC.26L5,LBBLC_26L5
RB.A45,MB.C25L5,12155.1609,INT,L,A,EVEN,25,102,LBALA.25L5,LBALA_25L5
RB.A45,MB.B25L5,12170.8209,INT,L,B,ODD,53,53,LBBLA.25L5,LBBLA_25L5
RB.A45,MB.A25L5,12186.4809,INT,L,A,EVEN,24,101,LBALB.25L5,LBALB_25L5
RB.A45,MB.C24L5,12208.6109,INT,L,B,ODD,54,54,LBBLA.24L5,LBBLA_24L5
RB.A45,MB.B24L5,12224.2709,INT,L,A,EVEN,23,100,LBALA.24L5,LBALA_24L5
RB.A45,MB.A24L5,12239.9309,INT,L,B,ODD,55,55,LBBLC.24L5,LBBLC_24L5
RB.A45,MB.C23L5,12262.0609,INT,L,A,EVEN,22,99,LBALA.23L5,LBALA_23L5
RB.A45,MB.B23L5,12277.7209,INT,L,B,ODD,56,56,LBBLA.23L5,LBBLA_23L5
RB.A45,MB.A23L5,12293.3809,INT,L,A,EVEN,21,98,LBALB.23L5,LBALB_23L5
RB.A45,MB.C22L5,12315.5109,INT,L,B,ODD,57,57,LBBLA.22L5,LBBLA_22L5
RB.A45,MB.B22L5,12331.1709,INT,L,A,EVEN,20,97,LBALA.22L5,LBALA_22L5
RB.A45,MB.A22L5,12346.8309,INT,L,B,ODD,58,58,LBBLC.22L5,LBBLC_22L5
RB.A45,MB.C21L5,12368.9609,INT,L,A,EVEN,19,96,LBALA.21L5,LBALA_21L5
RB.A45,MB.B21L5,12384.6209,INT,L,B,ODD,59,59,LBBLA.21L5,LBBLA_21L5
RB.A45,MB.A21L5,12400.2809,INT,L,A,EVEN,18,95,LBALB.21L5,LBALB_21L5
RB.A45,MB.C20L5,12422.4109,INT,L,B,ODD,60,60,LBBLA.20L5,LBBLA_20L5
RB.A45,MB.B20L5,12438.0709,INT,L,A,EVEN,17,94,LBALA.20L5,LBALA_20L5
RB.A45,MB.A20L5,12453.7309,INT,L,B,ODD,61,61,LBBLC.20L5,LBBLC_20L5
RB.A45,MB.C19L5,12475.8609,INT,L,A,EVEN,16,93,LBALA.19L5,LBALA_19L5
RB.A45,MB.B19L5,12491.5209,INT,L,B,ODD,62,62,LBBLA.19L5,LBBLA_19L5
RB.A45,MB.A19L5,12507.1809,INT,L,A,EVEN,15,92,LBALB.19L5,LBALB_19L5
RB.A45,MB.C18L5,12529.3109,INT,L,B,ODD,63,63,LBBLA.18L5,LBBLA_18L5
RB.A45,MB.B18L5,12544.9709,INT,L,A,EVEN,14,91,LBALA.18L5,LBALA_18L5
RB.A45,MB.A18L5,12560.6309,INT,L,B,ODD,64,64,LBBLC.18L5,LBBLC_18L5
RB.A45,MB.C17L5,12582.7609,INT,L,A,EVEN,13,90,LBALA.17L5,LBALA_17L5
RB.A45,MB.B17L5,12598.4209,INT,L,B,ODD,65,65,LBBLA.17L5,LBBLA_17L5
RB.A45,MB.A17L5,12614.0809,INT,L,A,EVEN,12,89,LBALB.17L5,LBALB_17L5
RB.A45,MB.C16L5,12636.2109,INT,L,B,ODD,66,66,LBBLA.16L5,LBBLA_16L5
RB.A45,MB.B16L5,12651.8709,INT,L,A,EVEN,11,88,LBALA.16L5,LBALA_16L5
RB.A45,MB.A16L5,12667.5309,INT,L,B,ODD,67,67,LBBLC.16L5,LBBLC_16L5
RB.A45,MB.C15L5,12689.6609,INT,L,A,EVEN,10,87,LBALA.15L5,LBALA_15L5
RB.A45,MB.B15L5,12705.3209,INT,L,B,ODD,68,68,LBBLA.15L5,LBBLA_15L5
RB.A45,MB.A15L5,12720.9809,INT,L,A,EVEN,9,86,LBALB.15L5,LBALB_15L5
RB.A45,MB.C14L5,12743.1109,INT,L,B,ODD,69,69,LBBLA.14L5,LBBLA_14L5
RB.A45,MB.B14L5,12758.7709,INT,L,A,EVEN,8,85,LBALA.14L5,LBALA_14L5
RB.A45,MB.A14L5,12774.4309,INT,L,B,ODD,70,70,LBBLC.14L5,LBBLC_14L5
RB.A45,MB.C13L5,12796.5609,INT,L,A,EVEN,7,84,LBALA.13L5,LBALA_13L5
RB.A45,MB.B13L5,12812.2209,INT,L,B,ODD,71,71,LBBLA.13L5,LBBLA_13L5
RB.A45,MB.A13L5,12827.8809,INT,L,A,EVEN,6,83,LBALB.13L5,LBALB_13L5
RB.A45,MB.C12L5,12850.0109,INT,L,B,ODD,72,72,LBBLA.12L5,LBBLA_12L5
RB.A45,MB.B12L5,12865.6709,INT,L,A,EVEN,5,82,LBALA.12L5,LBALA_12L5
RB.A45,MB.A12L5,12881.3309,INT,L,B,ODD,73,73,LBBLC.12L5,LBBLC_12L5
RB.A45,MB.B11L5,12918.4526,INT,L,A,EVEN,4,81,LBALA.11L5,LBALA_11L5
RB.A45,MB.A11L5,12934.1126,INT,L,B,ODD,74,74,LBBLP.11L5,LBBLP_11L5
RB.A45,MB.B10L5,12957.5176,INT,L,A,EVEN,3,80,LBALE.10L5,LBALE_10L5
RB.A45,MB.A10L5,12973.1776,INT,L,B,ODD,75,75,LBBLI.10L5,LBBLI_10L5
RB.A45,MB.B9L5,12997.9826,INT,L,A,EVEN,2,79,LBALE.9L5,LBALE_09L5
RB.A45,MB.A9L5,13013.6426,INT,L,B,ODD,76,76,LBBLF.9L5,LBBLF_09L5
RB.A45,MB.B8L5,13037.0476,INT,L,A,EVEN,1,78,LBALE.8L5,LBALE_08L5
RB.A45,MB.A8L5,13052.7076,INT,L,B,ODD,77,77,LBBLQ.8L5,LBBLQ_08L5
RB.A56,MB.A8R5,13606.1756,EXT,R,A,EVEN,1,78,LBARE.8R5,LBARE_08R5
RB.A56,MB.B8R5,13621.8356,EXT,R,B,ODD,77,77,LBBRF.8R5,LBBRF_08R5
RB.A56,MB.A9R5,13645.2406,EXT,R,A,EVEN,2,79,LBARE.9R5,LBARE_09R5
RB.A56,MB.B9R5,13660.9006,EXT,R,B,ODD,76,76,LBBRI.9R5,LBBRI_09R5
RB.A56,MB.A10R5,13685.7056,EXT,R,A,EVEN,3,80,LBARE.10R5,LBARE_10R5
RB.A56,MB.B10R5,13701.3656,EXT,R,B,ODD,75,75,LBBRF.10R5,LBBRF_10R5
RB.A56,MB.A11R5,13724.7706,EXT,R,A,EVEN,4,81,LBARA.11R5,LBARA_11R5
RB.A56,MB.B11R5,13740.4306,EXT,R,B,ODD,74,74,LBBRA.11R5,LBBRA_11R5
RB.A56,MB.A12R5,13777.5523,EXT,R,A,EVEN,5,82,LBARA.12R5,LBARA_12R5
RB.A56,MB.B12R5,13793.2123,EXT,R,B,ODD,73,73,LBBRA.12R5,LBBRA_12R5
RB.A56,MB.C12R5,13808.8723,EXT,R,A,EVEN,6,83,LBARB.12R5,LBARB_12R5
RB.A56,MB.A13R5,13831.0023,EXT,R,B,ODD,72,72,LBBRA.13R5,LBBRA_13R5
RB.A56,MB.B13R5,13846.6623,EXT,R,A,EVEN,7,84,LBARA.13R5,LBARA_13R5
RB.A56,MB.C13R5,13862.3223,EXT,R,B,ODD,71,71,LBBRC.13R5,LBBRC_13R5
RB.A56,MB.A14R5,13884.4523,EXT,R,A,EVEN,8,85,LBARA.14R5,LBARA_14R5
RB.A56,MB.B14R5,13900.1123,EXT,R,B,ODD,70,70,LBBRA.14R5,LBBRA_14R5
RB.A56,MB.C14R5,13915.7723,EXT,R,A,EVEN,9,86,LBARB.14R5,LBARB_14R5
RB.A56,MB.A15R5,13937.9023,EXT,R,B,ODD,69,69,LBBRA.15R5,LBBRA_15R5
RB.A56,MB.B15R5,13953.5623,EXT,R,A,EVEN,10,87,LBARA.15R5,LBARA_15R5
RB.A56,MB.C15R5,13969.2223,EXT,R,B,ODD,68,68,LBBRC.15R5,LBBRC_15R5
RB.A56,MB.A16R5,13991.3523,EXT,R,A,EVEN,11,88,LBARA.16R5,LBARA_16R5
RB.A56,MB.B16R5,14007.0123,EXT,R,B,ODD,67,67,LBBRA.16R5,LBBRA_16R5
RB.A56,MB.C16R5,14022.6723,EXT,R,A,EVEN,12,89,LBARB.16R5,LBARB_16R5
RB.A56,MB.A17R5,14044.8023,EXT,R,B,ODD,66,66,LBBRA.17R5,LBBRA_17R5
RB.A56,MB.B17R5,14060.4623,EXT,R,A,EVEN,13,90,LBARA.17R5,LBARA_17R5
RB.A56,MB.C17R5,14076.1223,EXT,R,B,ODD,65,65,LBBRC.17R5,LBBRC_17R5
RB.A56,MB.A18R5,14098.2523,EXT,R,A,EVEN,14,91,LBARA.18R5,LBARA_18R5
RB.A56,MB.B18R5,14113.9123,EXT,R,B,ODD,64,64,LBBRA.18R5,LBBRA_18R5
RB.A56,MB.C18R5,14129.5723,EXT,R,A,EVEN,15,92,LBARB.18R5,LBARB_18R5
RB.A56,MB.A19R5,14151.7023,EXT,R,B,ODD,63,63,LBBRA.19R5,LBBRA_19R5
RB.A56,MB.B19R5,14167.3623,EXT,R,A,EVEN,16,93,LBARA.19R5,LBARA_19R5
RB.A56,MB.C19R5,14183.0223,EXT,R,B,ODD,62,62,LBBRC.19R5,LBBRC_19R5
RB.A56,MB.A20R5,14205.1523,EXT,R,A,EVEN,17,94,LBARA.20R5,LBARA_20R5
RB.A56,MB.B20R5,14220.8123,EXT,R,B,ODD,61,61,LBBRA.20R5,LBBRA_20R5
RB.A56,MB.C20R5,14236.4723,EXT,R,A,EVEN,18,95,LBARB.20R5,LBARB_20R5
RB.A56,MB.A21R5,14258.6023,EXT,R,B,ODD,60,60,LBBRA.21R5,LBBRA_21R5
RB.A56,MB.B21R5,14274.2623,EXT,R,A,EVEN,19,96,LBARA.21R5,LBARA_21R5
RB.A56,MB.C21R5,14289.9223,EXT,R,B,ODD,59,59,LBBRC.21R5,LBBRC_21R5
RB.A56,MB.A22R5,14312.0523,EXT,R,A,EVEN,20,97,LBARA.22R5,LBARA_22R5
RB.A56,MB.B22R5,14327.7123,EXT,R,B,ODD,58,58,LBBRA.22R5,LBBRA_22R5
RB.A56,MB.C22R5,14343.3723,EXT,R,A,EVEN,21,98,LBARB.22R5,LBARB_22R5
RB.A56,MB.A23R5,14365.5023,EXT,R,B,ODD,57,57,LBBRA.23R5,LBBRA_23R5
RB.A56,MB.B23R5,14381.1623,EXT,R,A,EVEN,22,99,LBARA.23R5,LBARA_23R5
RB.A56,MB.C23R5,14396.8223,EXT,R,B,ODD,56,56,LBBRC.23R5,LBBRC_23R5
RB.A56,MB.A24R5,14418.9523,EXT,R,A,EVEN,23,100,LBARA.24R5,LBARA_24R5
RB.A56,MB.B24R5,14434.6123,EXT,R,B,ODD,55,55,LBBRA.24R5,LBBRA_24R5
RB.A56,MB.C24R5,14450.2723,EXT,R,A,EVEN,24,101,LBARB.24R5,LBARB_24R5
RB.A56,MB.A25R5,14472.4023,EXT,R,B,ODD,54,54,LBBRA.25R5,LBBRA_25R5
RB.A56,MB.B25R5,14488.0623,EXT,R,A,EVEN,25,102,LBARA.25R5,LBARA_25R5
RB.A56,MB.C25R5,14503.7223,EXT,R,B,ODD,53,53,LBBRC.25R5,LBBRC_25R5
RB.A56,MB.A26R5,14525.8523,EXT,R,A,EVEN,26,103,LBARA.26R5,LBARA_26R5
RB.A56,MB.B26R5,14541.5123,EXT,R,B,ODD,52,52,LBBRA.26R5,LBBRA_26R5
RB.A56,MB.C26R5,14557.1723,EXT,R,A,EVEN,27,104,LBARB.26R5,LBARB_26R5
RB.A56,MB.A27R5,14579.3023,EXT,R,B,ODD,51,51,LBBRA.27R5,LBBRA_27R5
RB.A56,MB.B27R5,14594.9623,EXT,R,A,EVEN,28,105,LBARA.27R5,LBARA_27R5
RB.A56,MB.C27R5,14610.6223,EXT,R,B,ODD,50,50,LBBRC.27R5,LBBRC_27R5
RB.A56,MB.A28R5,14632.7523,EXT,R,A,EVEN,29,106,LBARA.28R5,LBARA_28R5
RB.A56,MB.B28R5,14648.4123,EXT,R,B,ODD,49,49,LBBRA.28R5,LBBRA_28R5
RB.A56,MB.C28R5,14664.0723,EXT,R,A,EVEN,30,107,LBARB.28R5,LBARB_28R5
RB.A56,MB.A29R5,14686.2023,EXT,R,B,ODD,48,48,LBBRA.29R5,LBBRA_29R5
RB.A56,MB.B29R5,14701.8623,EXT,R,A,EVEN,31,108,LBARA.29R5,LBARA_29R5
RB.A56,MB.C29R5,14717.5223,EXT,R,B,ODD,47,47,LBBRC.29R5,LBBRC_29R5
RB.A56,MB.A30R5,14739.6523,EXT,R,A,EVEN,32,109,LBARA.30R5,LBARA_30R5
RB.A56,MB.B30R5,14755.3123,EXT,R,B,ODD,46,46,LBBRA.30R5,LBBRA_30R5
RB.A56,MB.C30R5,14770.9723,EXT,R,A,EVEN,33,110,LBARB.30R5,LBARB_30R5
RB.A56,MB.A31R5,14793.1023,EXT,R,B,ODD,45,45,LBBRA.31R5,LBBRA_31R5
RB.A56,MB.B31R5,14808.7623,EXT,R,A,EVEN,34,111,LBARA.31R5,LBARA_31R5
RB.A56,MB.C31R5,14824.4223,EXT,R,B,ODD,44,44,LBBRC.31R5,LBBRC_31R5
RB.A56,MB.A32R5,14846.5523,EXT,R,A,EVEN,35,112,LBARA.32R5,LBARA_32R5
RB.A56,MB.B32R5,14862.2123,EXT,R,B,ODD,43,43,LBBRA.32R5,LBBRA_32R5
RB.A56,MB.C32R5,14877.8723,EXT,R,A,EVEN,36,113,LBARB.32R5,LBARB_32R5
RB.A56,MB.A33R5,14900.0023,EXT,R,B,ODD,42,42,LBBRA.33R5,LBBRA_33R5
RB.A56,MB.B33R5,14915.6623,EXT,R,A,EVEN,37,114,LBARA.33R5,LBARA_33R5
RB.A56,MB.C33R5,14931.3223,EXT,R,B,ODD,41,41,LBBRC.33R5,LBBRC_33R5
RB.A56,MB.A34R5,14953.4523,EXT,R,A,EVEN,38,115,LBARA.34R5,LBARA_34R5
RB.A56,MB.B34R5,14969.1123,EXT,R,B,ODD,40,40,LBBRA.34R5,LBBRA_34R5
RB.A56,MB.C34R5,14984.7723,EXT,R,A,EVEN,39,116,LBARB.34R5,LBARB_34R5
RB.A56,MB.C34L6,15006.9023,EXT,R,B,ODD,39,39,LBBRA.34L6,LBBRA_34L6
RB.A56,MB.B34L6,15022.5623,EXT,R,A,EVEN,40,117,LBARA.34L6,LBARA_34L6
RB.A56,MB.A34L6,15038.2223,EXT,R,B,ODD,38,38,LBBRC.34L6,LBBRC_34L6
RB.A56,MB.C33L6,15060.3523,EXT,R,A,EVEN,41,118,LBARA.33L6,LBARA_33L6
RB.A56,MB.B33L6,15076.0123,EXT,R,B,ODD,37,37,LBBRA.33L6,LBBRA_33L6
RB.A56,MB.A33L6,15091.6723,EXT,R,A,EVEN,42,119,LBARB.33L6,LBARB_33L6
RB.A56,MB.C32L6,15113.8023,EXT,R,B,ODD,36,36,LBBRA.32L6,LBBRA_32L6
RB.A56,MB.B32L6,15129.4623,EXT,R,A,EVEN,43,120,LBARA.32L6,LBARA_32L6
RB.A56,MB.A32L6,15145.1223,EXT,R,B,ODD,35,35,LBBRC.32L6,LBBRC_32L6
RB.A56,MB.C31L6,15167.2523,EXT,R,A,EVEN,44,121,LBARA.31L6,LBARA_31L6
RB.A56,MB.B31L6,15182.9123,EXT,R,B,ODD,34,34,LBBRA.31L6,LBBRA_31L6
RB.A56,MB.A31L6,15198.5723,EXT,R,A,EVEN,45,122,LBARB.31L6,LBARB_31L6
RB.A56,MB.C30L6,15220.7023,EXT,R,B,ODD,33,33,LBBRA.30L6,LBBRA_30L6
RB.A56,MB.B30L6,15236.3623,EXT,R,A,EVEN,46,123,LBARA.30L6,LBARA_30L6
RB.A56,MB.A30L6,15252.0223,EXT,R,B,ODD,32,32,LBBRC.30L6,LBBRC_30L6
RB.A56,MB.C29L6,15274.1523,EXT,R,A,EVEN,47,124,LBARA.29L6,LBARA_29L6
RB.A56,MB.B29L6,15289.8123,EXT,R,B,ODD,31,31,LBBRA.29L6,LBBRA_29L6
RB.A56,MB.A29L6,15305.4723,EXT,R,A,EVEN,48,125,LBARB.29L6,LBARB_29L6
RB.A56,MB.C28L6,15327.6023,EXT,R,B,ODD,30,30,LBBRA.28L6,LBBRA_28L6
RB.A56,MB.B28L6,15343.2623,EXT,R,A,EVEN,49,126,LBARA.28L6,LBARA_28L6
RB.A56,MB.A28L6,15358.9223,EXT,R,B,ODD,29,29,LBBRC.28L6,LBBRC_28L6
RB.A56,MB.C27L6,15381.0523,EXT,R,A,EVEN,50,127,LBARA.27L6,LBARA_27L6
RB.A56,MB.B27L6,15396.7123,EXT,R,B,ODD,28,28,LBBRA.27L6,LBBRA_27L6
RB.A56,MB.A27L6,15412.3723,EXT,R,A,EVEN,51,128,LBARB.27L6,LBARB_27L6
RB.A56,MB.C26L6,15434.5023,EXT,R,B,ODD,27,27,LBBRA.26L6,LBBRA_26L6
RB.A56,MB.B26L6,15450.1623,EXT,R,A,EVEN,52,129,LBARA.26L6,LBARA_26L6
RB.A56,MB.A26L6,15465.8223,EXT,R,B,ODD,26,26,LBBRC.26L6,LBBRC_26L6
RB.A56,MB.C25L6,15487.9523,EXT,R,A,EVEN,53,130,LBARA.25L6,LBARA_25L6
RB.A56,MB.B25L6,15503.6123,EXT,R,B,ODD,25,25,LBBRA.25L6,LBBRA_25L6
RB.A56,MB.A25L6,15519.2723,EXT,R,A,EVEN,54,131,LBARB.25L6,LBARB_25L6
RB.A56,MB.C24L6,15541.4023,EXT,R,B,ODD,24,24,LBBRA.24L6,LBBRA_24L6
RB.A56,MB.B24L6,15557.0623,EXT,R,A,EVEN,55,132,LBARA.24L6,LBARA_24L6
RB.A56,MB.A24L6,15572.7223,EXT,R,B,ODD,23,23,LBBRC.24L6,LBBRC_24L6
RB.A56,MB.C23L6,15594.8523,EXT,R,A,EVEN,56,133,LBARA.23L6,LBARA_23L6
RB.A56,MB.B23L6,15610.5123,EXT,R,B,ODD,22,22,LBBRA.23L6,LBBRA_23L6
RB.A56,MB.A23L6,15626.1723,EXT,R,A,EVEN,57,134,LBARB.23L6,LBARB_23L6
RB.A56,MB.C22L6,15648.3023,EXT,R,B,ODD,21,21,LBBRA.22L6,LBBRA_22L6
RB.A56,MB.B22L6,15663.9623,EXT,R,A,EVEN,58,135,LBARA.22L6,LBARA_22L6
RB.A56,MB.A22L6,15679.6223,EXT,R,B,ODD,20,20,LBBRC.22L6,LBBRC_22L6
RB.A56,MB.C21L6,15701.7523,EXT,R,A,EVEN,59,136,LBARA.21L6,LBARA_21L6
RB.A56,MB.B21L6,15717.4123,EXT,R,B,ODD,19,19,LBBRA.21L6,LBBRA_21L6
RB.A56,MB.A21L6,15733.0723,EXT,R,A,EVEN,60,137,LBARB.21L6,LBARB_21L6
RB.A56,MB.C20L6,15755.2023,EXT,R,B,ODD,18,18,LBBRA.20L6,LBBRA_20L6
RB.A56,MB.B20L6,15770.8623,EXT,R,A,EVEN,61,138,LBARA.20L6,LBARA_20L6
RB.A56,MB.A20L6,15786.5223,EXT,R,B,ODD,17,17,LBBRC.20L6,LBBRC_20L6
RB.A56,MB.C19L6,15808.6523,EXT,R,A,EVEN,62,139,LBARA.19L6,LBARA_19L6
RB.A56,MB.B19L6,15824.3123,EXT,R,B,ODD,16,16,LBBRA.19L6,LBBRA_19L6
RB.A56,MB.A19L6,15839.9723,EXT,R,A,EVEN,63,140,LBARB.19L6,LBARB_19L6
RB.A56,MB.C18L6,15862.1023,EXT,R,B,ODD,15,15,LBBRA.18L6,LBBRA_18L6
RB.A56,MB.B18L6,15877.7623,EXT,R,A,EVEN,64,141,LBARA.18L6,LBARA_18L6
RB.A56,MB.A18L6,15893.4223,EXT,R,B,ODD,14,14,LBBRC.18L6,LBBRC_18L6
RB.A56,MB.C17L6,15915.5523,EXT,R,A,EVEN,65,142,LBARA.17L6,LBARA_17L6
RB.A56,MB.B17L6,15931.2123,EXT,R,B,ODD,13,13,LBBRA.17L6,LBBRA_17L6
RB.A56,MB.A17L6,15946.8723,EXT,R,A,EVEN,66,143,LBARB.17L6,LBARB_17L6
RB.A56,MB.C16L6,15969.0023,EXT,R,B,ODD,12,12,LBBRA.16L6,LBBRA_16L6
RB.A56,MB.B16L6,15984.6623,EXT,R,A,EVEN,67,144,LBARA.16L6,LBARA_16L6
RB.A56,MB.A16L6,16000.3223,EXT,R,B,ODD,11,11,LBBRC.16L6,LBBRC_16L6
RB.A56,MB.C15L6,16022.4523,EXT,R,A,EVEN,68,145,LBARA.15L6,LBARA_15L6
RB.A56,MB.B15L6,16038.1123,EXT,R,B,ODD,10,10,LBBRA.15L6,LBBRA_15L6
RB.A56,MB.A15L6,16053.7723,EXT,R,A,EVEN,69,146,LBARB.15L6,LBARB_15L6
RB.A56,MB.C14L6,16075.9023,EXT,R,B,ODD,9,9,LBBRA.14L6,LBBRA_14L6
RB.A56,MB.B14L6,16091.5623,EXT,R,A,EVEN,70,147,LBARA.14L6,LBARA_14L6
RB.A56,MB.A14L6,16107.2223,EXT,R,B,ODD,8,8,LBBRC.14L6,LBBRC_14L6
RB.A56,MB.C13L6,16129.3523,EXT,R,A,EVEN,71,148,LBARA.13L6,LBARA_13L6
RB.A56,MB.B13L6,16145.0123,EXT,R,B,ODD,7,7,LBBRA.13L6,LBBRA_13L6
RB.A56,MB.A13L6,16160.6723,EXT,R,A,EVEN,72,149,LBARB.13L6,LBARB_13L6
RB.A56,MB.C12L6,16182.8023,EXT,R,B,ODD,6,6,LBBRA.12L6,LBBRA_12L6
RB.A56,MB.B12L6,16198.4623,EXT,R,A,EVEN,73,150,LBARA.12L6,LBARA_12L6
RB.A56,MB.A12L6,16214.1223,EXT,R,B,ODD,5,5,LBBRC.12L6,LBBRC_12L6
RB.A56,MB.B11L6,16250.302,EXT,R,A,EVEN,74,151,LBARA.11L6,LBARA_11L6
RB.A56,MB.A11L6,16265.962,EXT,R,B,ODD,4,4,LBBRB.11L6,LBBRB_11L6
RB.A56,MB.B10L6,16289.367,EXT,R,A,EVEN,75,152,LBARL.10L6,LBARL_10L6
RB.A56,MB.A10L6,16305.027,EXT,R,B,ODD,3,3,LBBRM.10L6,LBBRM_10L6
RB.A56,MB.B9L6,16329.832,EXT,R,A,EVEN,76,153,LBARE.9L6,LBARE_09L6
RB.A56,MB.A9L6,16345.492,EXT,R,B,ODD,2,2,LBBRF.9L6,LBBRF_09L6
RB.A56,MB.B8L6,16368.897,EXT,R,A,EVEN,77,154,LBARE.8L6,LBARE_08L6
RB.A56,MB.A8L6,16384.557,EXT,R,B,ODD,1,1,LBBRK.8L6,LBBRK_08L6
RB.A67,MB.A8R6,16939.047,EXT,R,A,ODD,1,1,LBARJ.8R6,LBARJ_08R6
RB.A67,MB.B8R6,16954.707,EXT,R,B,EVEN,77,154,LBBRF.8R6,LBBRF_08R6
RB.A67,MB.A9R6,16978.112,EXT,R,A,ODD,2,2,LBARE.9R6,LBARE_09R6
RB.A67,MB.B9R6,16993.772,EXT,R,B,EVEN,76,153,LBBRS.9R6,LBBRS_09R6
RB.A67,MB.A10R6,17018.577,EXT,R,A,ODD,3,3,LBARL.10R6,LBARL_10R6
RB.A67,MB.B10R6,17034.237,EXT,R,B,EVEN,75,152,LBBRN.10R6,LBBRN_10R6
RB.A67,MB.A11R6,17057.642,EXT,R,A,ODD,4,4,LBARA.11R6,LBARA_11R6
RB.A67,MB.B11R6,17073.302,EXT,R,B,EVEN,74,151,LBBRA.11R6,LBBRA_11R6
RB.A67,MB.A12R6,17109.4817,EXT,R,A,ODD,5,5,LBARA.12R6,LBARA_12R6
RB.A67,MB.B12R6,17125.1417,EXT,R,B,EVEN,73,150,LBBRA.12R6,LBBRA_12R6
RB.A67,MB.C12R6,17140.8017,EXT,R,A,ODD,6,6,LBARB.12R6,LBARB_12R6
RB.A67,MB.A13R6,17162.9317,EXT,R,B,EVEN,72,149,LBBRA.13R6,LBBRA_13R6
RB.A67,MB.B13R6,17178.5917,EXT,R,A,ODD,7,7,LBARA.13R6,LBARA_13R6
RB.A67,MB.C13R6,17194.2517,EXT,R,B,EVEN,71,148,LBBRC.13R6,LBBRC_13R6
RB.A67,MB.A14R6,17216.3817,EXT,R,A,ODD,8,8,LBARA.14R6,LBARA_14R6
RB.A67,MB.B14R6,17232.0417,EXT,R,B,EVEN,70,147,LBBRA.14R6,LBBRA_14R6
RB.A67,MB.C14R6,17247.7017,EXT,R,A,ODD,9,9,LBARB.14R6,LBARB_14R6
RB.A67,MB.A15R6,17269.8317,EXT,R,B,EVEN,69,146,LBBRA.15R6,LBBRA_15R6
RB.A67,MB.B15R6,17285.4917,EXT,R,A,ODD,10,10,LBARA.15R6,LBARA_15R6
RB.A67,MB.C15R6,17301.1517,EXT,R,B,EVEN,68,145,LBBRC.15R6,LBBRC_15R6
RB.A67,MB.A16R6,17323.2817,EXT,R,A,ODD,11,11,LBARA.16R6,LBARA_16R6
RB.A67,MB.B16R6,17338.9417,EXT,R,B,EVEN,67,144,LBBRA.16R6,LBBRA_16R6
RB.A67,MB.C16R6,17354.6017,EXT,R,A,ODD,12,12,LBARB.16R6,LBARB_16R6
RB.A67,MB.A17R6,17376.7317,EXT,R,B,EVEN,66,143,LBBRA.17R6,LBBRA_17R6
RB.A67,MB.B17R6,17392.3917,EXT,R,A,ODD,13,13,LBARA.17R6,LBARA_17R6
RB.A67,MB.C17R6,17408.0517,EXT,R,B,EVEN,65,142,LBBRC.17R6,LBBRC_17R6
RB.A67,MB.A18R6,17430.1817,EXT,R,A,ODD,14,14,LBARA.18R6,LBARA_18R6
RB.A67,MB.B18R6,17445.8417,EXT,R,B,EVEN,64,141,LBBRA.18R6,LBBRA_18R6
RB.A67,MB.C18R6,17461.5017,EXT,R,A,ODD,15,15,LBARB.18R6,LBARB_18R6
RB.A67,MB.A19R6,17483.6317,EXT,R,B,EVEN,63,140,LBBRA.19R6,LBBRA_19R6
RB.A67,MB.B19R6,17499.2917,EXT,R,A,ODD,16,16,LBARA.19R6,LBARA_19R6
RB.A67,MB.C19R6,17514.9517,EXT,R,B,EVEN,62,139,LBBRC.19R6,LBBRC_19R6
RB.A67,MB.A20R6,17537.0817,EXT,R,A,ODD,17,17,LBARA.20R6,LBARA_20R6
RB.A67,MB.B20R6,17552.7417,EXT,R,B,EVEN,61,138,LBBRA.20R6,LBBRA_20R6
RB.A67,MB.C20R6,17568.4017,EXT,R,A,ODD,18,18,LBARB.20R6,LBARB_20R6
RB.A67,MB.A21R6,17590.5317,EXT,R,B,EVEN,60,137,LBBRA.21R6,LBBRA_21R6
RB.A67,MB.B21R6,17606.1917,EXT,R,A,ODD,19,19,LBARA.21R6,LBARA_21R6
RB.A67,MB.C21R6,17621.8517,EXT,R,B,EVEN,59,136,LBBRC.21R6,LBBRC_21R6
RB.A67,MB.A22R6,17643.9817,EXT,R,A,ODD,20,20,LBARA.22R6,LBARA_22R6
RB.A67,MB.B22R6,17659.6417,EXT,R,B,EVEN,58,135,LBBRA.22R6,LBBRA_22R6
RB.A67,MB.C22R6,17675.3017,EXT,R,A,ODD,21,21,LBARB.22R6,LBARB_22R6
RB.A67,MB.A23R6,17697.4317,EXT,R,B,EVEN,57,134,LBBRA.23R6,LBBRA_23R6
RB.A67,MB.B23R6,17713.0917,EXT,R,A,ODD,22,22,LBARA.23R6,LBARA_23R6
RB.A67,MB.C23R6,17728.7517,EXT,R,B,EVEN,56,133,LBBRC.23R6,LBBRC_23R6
RB.A67,MB.A24R6,17750.8817,EXT,R,A,ODD,23,23,LBARA.24R6,LBARA_24R6
RB.A67,MB.B24R6,17766.5417,EXT,R,B,EVEN,55,132,LBBRA.24R6,LBBRA_24R6
RB.A67,MB.C24R6,17782.2017,EXT,R,A,ODD,24,24,LBARB.24R6,LBARB_24R6
RB.A67,MB.A25R6,17804.3317,EXT,R,B,EVEN,54,131,LBBRA.25R6,LBBRA_25R6
RB.A67,MB.B25R6,17819.9917,EXT,R,A,ODD,25,25,LBARA.25R6,LBARA_25R6
RB.A67,MB.C25R6,17835.6517,EXT,R,B,EVEN,53,130,LBBRC.25R6,LBBRC_25R6
RB.A67,MB.A26R6,17857.7817,EXT,R,A,ODD,26,26,LBARA.26R6,LBARA_26R6
RB.A67,MB.B26R6,17873.4417,EXT,R,B,EVEN,52,129,LBBRA.26R6,LBBRA_26R6
RB.A67,MB.C26R6,17889.1017,EXT,R,A,ODD,27,27,LBARB.26R6,LBARB_26R6
RB.A67,MB.A27R6,17911.2317,EXT,R,B,EVEN,51,128,LBBRA.27R6,LBBRA_27R6
RB.A67,MB.B27R6,17926.8917,EXT,R,A,ODD,28,28,LBARA.27R6,LBARA_27R6
RB.A67,MB.C27R6,17942.5517,EXT,R,B,EVEN,50,127,LBBRC.27R6,LBBRC_27R6
RB.A67,MB.A28R6,17964.6817,EXT,R,A,ODD,29,29,LBARA.28R6,LBARA_28R6
RB.A67,MB.B28R6,17980.3417,EXT,R,B,EVEN,49,126,LBBRA.28R6,LBBRA_28R6
RB.A67,MB.C28R6,17996.0017,EXT,R,A,ODD,30,30,LBARB.28R6,LBARB_28R6
RB.A67,MB.A29R6,18018.1317,EXT,R,B,EVEN,48,125,LBBRA.29R6,LBBRA_29R6
RB.A67,MB.B29R6,18033.7917,EXT,R,A,ODD,31,31,LBARA.29R6,LBARA_29R6
RB.A67,MB.C29R6,18049.4517,EXT,R,B,EVEN,47,124,LBBRC.29R6,LBBRC_29R6
RB.A67,MB.A30R6,18071.5817,EXT,R,A,ODD,32,32,LBARA.30R6,LBARA_30R6
RB.A67,MB.B30R6,18087.2417,EXT,R,B,EVEN,46,123,LBBRA.30R6,LBBRA_30R6
RB.A67,MB.C30R6,18102.9017,EXT,R,A,ODD,33,33,LBARB.30R6,LBARB_30R6
RB.A67,MB.A31R6,18125.0317,EXT,R,B,EVEN,45,122,LBBRA.31R6,LBBRA_31R6
RB.A67,MB.B31R6,18140.6917,EXT,R,A,ODD,34,34,LBARA.31R6,LBARA_31R6
RB.A67,MB.C31R6,18156.3517,EXT,R,B,EVEN,44,121,LBBRC.31R6,LBBRC_31R6
RB.A67,MB.A32R6,18178.4817,EXT,R,A,ODD,35,35,LBARA.32R6,LBARA_32R6
RB.A67,MB.B32R6,18194.1417,EXT,R,B,EVEN,43,120,LBBRA.32R6,LBBRA_32R6
RB.A67,MB.C32R6,18209.8017,EXT,R,A,ODD,36,36,LBARB.32R6,LBARB_32R6
RB.A67,MB.A33R6,18231.9317,EXT,R,B,EVEN,42,119,LBBRA.33R6,LBBRA_33R6
RB.A67,MB.B33R6,18247.5917,EXT,R,A,ODD,37,37,LBARA.33R6,LBARA_33R6
RB.A67,MB.C33R6,18263.2517,EXT,R,B,EVEN,41,118,LBBRC.33R6,LBBRC_33R6
RB.A67,MB.A34R6,18285.3817,EXT,R,A,ODD,38,38,LBARA.34R6,LBARA_34R6
RB.A67,MB.B34R6,18301.0417,EXT,R,B,EVEN,40,117,LBBRA.34R6,LBBRA_34R6
RB.A67,MB.C34R6,18316.7017,EXT,R,A,ODD,39,39,LBARB.34R6,LBARB_34R6
RB.A67,MB.C34L7,18338.8317,EXT,R,B,EVEN,39,116,LBBRA.34L7,LBBRA_34L7
RB.A67,MB.B34L7,18354.4917,EXT,R,A,ODD,40,40,LBARA.34L7,LBARA_34L7
RB.A67,MB.A34L7,18370.1517,EXT,R,B,EVEN,38,115,LBBRC.34L7,LBBRC_34L7
RB.A67,MB.C33L7,18392.2817,EXT,R,A,ODD,41,41,LBARA.33L7,LBARA_33L7
RB.A67,MB.B33L7,18407.9417,EXT,R,B,EVEN,37,114,LBBRA.33L7,LBBRA_33L7
RB.A67,MB.A33L7,18423.6017,EXT,R,A,ODD,42,42,LBARB.33L7,LBARB_33L7
RB.A67,MB.C32L7,18445.7317,EXT,R,B,EVEN,36,113,LBBRA.32L7,LBBRA_32L7
RB.A67,MB.B32L7,18461.3917,EXT,R,A,ODD,43,43,LBARA.32L7,LBARA_32L7
RB.A67,MB.A32L7,18477.0517,EXT,R,B,EVEN,35,112,LBBRC.32L7,LBBRC_32L7
RB.A67,MB.C31L7,18499.1817,EXT,R,A,ODD,44,44,LBARA.31L7,LBARA_31L7
RB.A67,MB.B31L7,18514.8417,EXT,R,B,EVEN,34,111,LBBRA.31L7,LBBRA_31L7
RB.A67,MB.A31L7,18530.5017,EXT,R,A,ODD,45,45,LBARB.31L7,LBARB_31L7
RB.A67,MB.C30L7,18552.6317,EXT,R,B,EVEN,33,110,LBBRA.30L7,LBBRA_30L7
RB.A67,MB.B30L7,18568.2917,EXT,R,A,ODD,46,46,LBARA.30L7,LBARA_30L7
RB.A67,MB.A30L7,18583.9517,EXT,R,B,EVEN,32,109,LBBRC.30L7,LBBRC_30L7
RB.A67,MB.C29L7,18606.0817,EXT,R,A,ODD,47,47,LBARA.29L7,LBARA_29L7
RB.A67,MB.B29L7,18621.7417,EXT,R,B,EVEN,31,108,LBBRA.29L7,LBBRA_29L7
RB.A67,MB.A29L7,18637.4017,EXT,R,A,ODD,48,48,LBARB.29L7,LBARB_29L7
RB.A67,MB.C28L7,18659.5317,EXT,R,B,EVEN,30,107,LBBRA.28L7,LBBRA_28L7
RB.A67,MB.B28L7,18675.1917,EXT,R,A,ODD,49,49,LBARA.28L7,LBARA_28L7
RB.A67,MB.A28L7,18690.8517,EXT,R,B,EVEN,29,106,LBBRC.28L7,LBBRC_28L7
RB.A67,MB.C27L7,18712.9817,EXT,R,A,ODD,50,50,LBARA.27L7,LBARA_27L7
RB.A67,MB.B27L7,18728.6417,EXT,R,B,EVEN,28,105,LBBRA.27L7,LBBRA_27L7
RB.A67,MB.A27L7,18744.3017,EXT,R,A,ODD,51,51,LBARB.27L7,LBARB_27L7
RB.A67,MB.C26L7,18766.4317,EXT,R,B,EVEN,27,104,LBBRA.26L7,LBBRA_26L7
RB.A67,MB.B26L7,18782.0917,EXT,R,A,ODD,52,52,LBARA.26L7,LBARA_26L7
RB.A67,MB.A26L7,18797.7517,EXT,R,B,EVEN,26,103,LBBRC.26L7,LBBRC_26L7
RB.A67,MB.C25L7,18819.8817,EXT,R,A,ODD,53,53,LBARA.25L7,LBARA_25L7
RB.A67,MB.B25L7,18835.5417,EXT,R,B,EVEN,25,102,LBBRA.25L7,LBBRA_25L7
RB.A67,MB.A25L7,18851.2017,EXT,R,A,ODD,54,54,LBARB.25L7,LBARB_25L7
RB.A67,MB.C24L7,18873.3317,EXT,R,B,EVEN,24,101,LBBRA.24L7,LBBRA_24L7
RB.A67,MB.B24L7,18888.9917,EXT,R,A,ODD,55,55,LBARA.24L7,LBARA_24L7
RB.A67,MB.A24L7,18904.6517,EXT,R,B,EVEN,23,100,LBBRC.24L7,LBBRC_24L7
RB.A67,MB.C23L7,18926.7817,EXT,R,A,ODD,56,56,LBARA.23L7,LBARA_23L7
RB.A67,MB.B23L7,18942.4417,EXT,R,B,EVEN,22,99,LBBRA.23L7,LBBRA_23L7
RB.A67,MB.A23L7,18958.1017,EXT,R,A,ODD,57,57,LBARB.23L7,LBARB_23L7
RB.A67,MB.C22L7,18980.2317,EXT,R,B,EVEN,21,98,LBBRA.22L7,LBBRA_22L7
RB.A67,MB.B22L7,18995.8917,EXT,R,A,ODD,58,58,LBARA.22L7,LBARA_22L7
RB.A67,MB.A22L7,19011.5517,EXT,R,B,EVEN,20,97,LBBRC.22L7,LBBRC_22L7
RB.A67,MB.C21L7,19033.6817,EXT,R,A,ODD,59,59,LBARA.21L7,LBARA_21L7
RB.A67,MB.B21L7,19049.3417,EXT,R,B,EVEN,19,96,LBBRA.21L7,LBBRA_21L7
RB.A67,MB.A21L7,19065.0017,EXT,R,A,ODD,60,60,LBARB.21L7,LBARB_21L7
RB.A67,MB.C20L7,19087.1317,EXT,R,B,EVEN,18,95,LBBRA.20L7,LBBRA_20L7
RB.A67,MB.B20L7,19102.7917,EXT,R,A,ODD,61,61,LBARA.20L7,LBARA_20L7
RB.A67,MB.A20L7,19118.4517,EXT,R,B,EVEN,17,94,LBBRC.20L7,LBBRC_20L7
RB.A67,MB.C19L7,19140.5817,EXT,R,A,ODD,62,62,LBARA.19L7,LBARA_19L7
RB.A67,MB.B19L7,19156.2417,EXT,R,B,EVEN,16,93,LBBRA.19L7,LBBRA_19L7
RB.A67,MB.A19L7,19171.9017,EXT,R,A,ODD,63,63,LBARB.19L7,LBARB_19L7
RB.A67,MB.C18L7,19194.0317,EXT,R,B,EVEN,15,92,LBBRA.18L7,LBBRA_18L7
RB.A67,MB.B18L7,19209.6917,EXT,R,A,ODD,64,64,LBARA.18L7,LBARA_18L7
RB.A67,MB.A18L7,19225.3517,EXT,R,B,EVEN,14,91,LBBRC.18L7,LBBRC_18L7
RB.A67,MB.C17L7,19247.4817,EXT,R,A,ODD,65,65,LBARA.17L7,LBARA_17L7
RB.A67,MB.B17L7,19263.1417,EXT,R,B,EVEN,13,90,LBBRA.17L7,LBBRA_17L7
RB.A67,MB.A17L7,19278.8017,EXT,R,A,ODD,66,66,LBARB.17L7,LBARB_17L7
RB.A67,MB.C16L7,19300.9317,EXT,R,B,EVEN,12,89,LBBRA.16L7,LBBRA_16L7
RB.A67,MB.B16L7,19316.5917,EXT,R,A,ODD,67,67,LBARA.16L7,LBARA_16L7
RB.A67,MB.A16L7,19332.2517,EXT,R,B,EVEN,11,88,LBBRC.16L7,LBBRC_16L7
RB.A67,MB.C15L7,19354.3817,EXT,R,A,ODD,68,68,LBARA.15L7,LBARA_15L7
RB.A67,MB.B15L7,19370.0417,EXT,R,B,EVEN,10,87,LBBRA.15L7,LBBRA_15L7
RB.A67,MB.A15L7,19385.7017,EXT,R,A,ODD,69,69,LBARB.15L7,LBARB_15L7
RB.A67,MB.C14L7,19407.8317,EXT,R,B,EVEN,9,86,LBBRA.14L7,LBBRA_14L7
RB.A67,MB.B14L7,19423.4917,EXT,R,A,ODD,70,70,LBARA.14L7,LBARA_14L7
RB.A67,MB.A14L7,19439.1517,EXT,R,B,EVEN,8,85,LBBRC.14L7,LBBRC_14L7
RB.A67,MB.C13L7,19461.2817,EXT,R,A,ODD,71,71,LBARA.13L7,LBARA_13L7
RB.A67,MB.B13L7,19476.9417,EXT,R,B,EVEN,7,84,LBBRA.13L7,LBBRA_13L7
RB.A67,MB.A13L7,19492.6017,EXT,R,A,ODD,72,72,LBARB.13L7,LBARB_13L7
RB.A67,MB.C12L7,19514.7317,EXT,R,B,EVEN,6,83,LBBRA.12L7,LBBRA_12L7
RB.A67,MB.B12L7,19530.3917,EXT,R,A,ODD,73,73,LBARA.12L7,LBARA_12L7
RB.A67,MB.A12L7,19546.0517,EXT,R,B,EVEN,5,82,LBBRC.12L7,LBBRC_12L7
RB.A67,MB.B11L7,19583.1734,EXT,R,A,ODD,74,74,LBARA.11L7,LBARA_11L7
RB.A67,MB.A11L7,19598.8334,EXT,R,B,EVEN,4,81,LBBRB.11L7,LBBRB_11L7
RB.A67,MB.B10L7,19622.2384,EXT,R,A,ODD,75,75,LBARA.10L7,LBARA_10L7
RB.A67,MB.A10L7,19637.8984,EXT,R,B,EVEN,3,80,LBBRC.10L7,LBBRC_10L7
RB.A67,MB.B9L7,19662.7034,EXT,R,A,ODD,76,76,LBARA.9L7,LBARA_09L7
RB.A67,MB.A9L7,19678.3634,EXT,R,B,EVEN,2,79,LBBRB.9L7,LBBRB_09L7
RB.A67,MB.B8L7,19701.7684,EXT,R,A,ODD,77,77,LBARA.8L7,LBARA_08L7
RB.A67,MB.A8L7,19717.4284,EXT,R,B,EVEN,1,78,LBBRR.8L7,LBBRR_08L7
RB.A78,MB.A8R7,20270.8964,EXT,R,A,EVEN,1,78,LBARA.8R7,LBARA_08R7
RB.A78,MB.B8R7,20286.5564,EXT,R,B,ODD,77,77,LBBRB.8R7,LBBRB_08R7
RB.A78,MB.A9R7,20309.9614,EXT,R,A,EVEN,2,79,LBARA.9R7,LBARA_09R7
RB.A78,MB.B9R7,20325.6214,EXT,R,B,ODD,76,76,LBBRC.9R7,LBBRC_09R7
RB.A78,MB.A10R7,20350.4264,EXT,R,A,EVEN,3,80,LBARA.10R7,LBARA_10R7
RB.A78,MB.B10R7,20366.0864,EXT,R,B,ODD,75,75,LBBRB.10R7,LBBRB_10R7
RB.A78,MB.A11R7,20389.4914,EXT,R,A,EVEN,4,81,LBARA.11R7,LBARA_11R7
RB.A78,MB.B11R7,20405.1514,EXT,R,B,ODD,74,74,LBBRA.11R7,LBBRA_11R7
RB.A78,MB.A12R7,20442.2731,EXT,R,A,EVEN,5,82,LBARA.12R7,LBARA_12R7
RB.A78,MB.B12R7,20457.9331,EXT,R,B,ODD,73,73,LBBRA.12R7,LBBRA_12R7
RB.A78,MB.C12R7,20473.5931,EXT,R,A,EVEN,6,83,LBARB.12R7,LBARB_12R7
RB.A78,MB.A13R7,20495.7231,EXT,R,B,ODD,72,72,LBBRA.13R7,LBBRA_13R7
RB.A78,MB.B13R7,20511.3831,EXT,R,A,EVEN,7,84,LBARA.13R7,LBARA_13R7
RB.A78,MB.C13R7,20527.0431,EXT,R,B,ODD,71,71,LBBRC.13R7,LBBRC_13R7
RB.A78,MB.A14R7,20549.1731,EXT,R,A,EVEN,8,85,LBARA.14R7,LBARA_14R7
RB.A78,MB.B14R7,20564.8331,EXT,R,B,ODD,70,70,LBBRA.14R7,LBBRA_14R7
RB.A78,MB.C14R7,20580.4931,EXT,R,A,EVEN,9,86,LBARB.14R7,LBARB_14R7
RB.A78,MB.A15R7,20602.6231,EXT,R,B,ODD,69,69,LBBRA.15R7,LBBRA_15R7
RB.A78,MB.B15R7,20618.2831,EXT,R,A,EVEN,10,87,LBARA.15R7,LBARA_15R7
RB.A78,MB.C15R7,20633.9431,EXT,R,B,ODD,68,68,LBBRC.15R7,LBBRC_15R7
RB.A78,MB.A16R7,20656.0731,EXT,R,A,EVEN,11,88,LBARA.16R7,LBARA_16R7
RB.A78,MB.B16R7,20671.7331,EXT,R,B,ODD,67,67,LBBRA.16R7,LBBRA_16R7
RB.A78,MB.C16R7,20687.3931,EXT,R,A,EVEN,12,89,LBARB.16R7,LBARB_16R7
RB.A78,MB.A17R7,20709.5231,EXT,R,B,ODD,66,66,LBBRA.17R7,LBBRA_17R7
RB.A78,MB.B17R7,20725.1831,EXT,R,A,EVEN,13,90,LBARA.17R7,LBARA_17R7
RB.A78,MB.C17R7,20740.8431,EXT,R,B,ODD,65,65,LBBRC.17R7,LBBRC_17R7
RB.A78,MB.A18R7,20762.9731,EXT,R,A,EVEN,14,91,LBARA.18R7,LBARA_18R7
RB.A78,MB.B18R7,20778.6331,EXT,R,B,ODD,64,64,LBBRA.18R7,LBBRA_18R7
RB.A78,MB.C18R7,20794.2931,EXT,R,A,EVEN,15,92,LBARB.18R7,LBARB_18R7
RB.A78,MB.A19R7,20816.4231,EXT,R,B,ODD,63,63,LBBRA.19R7,LBBRA_19R7
RB.A78,MB.B19R7,20832.0831,EXT,R,A,EVEN,16,93,LBARA.19R7,LBARA_19R7
RB.A78,MB.C19R7,20847.7431,EXT,R,B,ODD,62,62,LBBRC.19R7,LBBRC_19R7
RB.A78,MB.A20R7,20869.8731,EXT,R,A,EVEN,17,94,LBARA.20R7,LBARA_20R7
RB.A78,MB.B20R7,20885.5331,EXT,R,B,ODD,61,61,LBBRA.20R7,LBBRA_20R7
RB.A78,MB.C20R7,20901.1931,EXT,R,A,EVEN,18,95,LBARB.20R7,LBARB_20R7
RB.A78,MB.A21R7,20923.3231,EXT,R,B,ODD,60,60,LBBRA.21R7,LBBRA_21R7
RB.A78,MB.B21R7,20938.9831,EXT,R,A,EVEN,19,96,LBARA.21R7,LBARA_21R7
RB.A78,MB.C21R7,20954.6431,EXT,R,B,ODD,59,59,LBBRC.21R7,LBBRC_21R7
RB.A78,MB.A22R7,20976.7731,EXT,R,A,EVEN,20,97,LBARA.22R7,LBARA_22R7
RB.A78,MB.B22R7,20992.4331,EXT,R,B,ODD,58,58,LBBRA.22R7,LBBRA_22R7
RB.A78,MB.C22R7,21008.0931,EXT,R,A,EVEN,21,98,LBARB.22R7,LBARB_22R7
RB.A78,MB.A23R7,21030.2231,EXT,R,B,ODD,57,57,LBBRA.23R7,LBBRA_23R7
RB.A78,MB.B23R7,21045.8831,EXT,R,A,EVEN,22,99,LBARA.23R7,LBARA_23R7
RB.A78,MB.C23R7,21061.5431,EXT,R,B,ODD,56,56,LBBRC.23R7,LBBRC_23R7
RB.A78,MB.A24R7,21083.6731,EXT,R,A,EVEN,23,100,LBARA.24R7,LBARA_24R7
RB.A78,MB.B24R7,21099.3331,EXT,R,B,ODD,55,55,LBBRA.24R7,LBBRA_24R7
RB.A78,MB.C24R7,21114.9931,EXT,R,A,EVEN,24,101,LBARB.24R7,LBARB_24R7
RB.A78,MB.A25R7,21137.1231,EXT,R,B,ODD,54,54,LBBRA.25R7,LBBRA_25R7
RB.A78,MB.B25R7,21152.7831,EXT,R,A,EVEN,25,102,LBARA.25R7,LBARA_25R7
RB.A78,MB.C25R7,21168.4431,EXT,R,B,ODD,53,53,LBBRC.25R7,LBBRC_25R7
RB.A78,MB.A26R7,21190.5731,EXT,R,A,EVEN,26,103,LBARA.26R7,LBARA_26R7
RB.A78,MB.B26R7,21206.2331,EXT,R,B,ODD,52,52,LBBRA.26R7,LBBRA_26R7
RB.A78,MB.C26R7,21221.8931,EXT,R,A,EVEN,27,104,LBARB.26R7,LBARB_26R7
RB.A78,MB.A27R7,21244.0231,EXT,R,B,ODD,51,51,LBBRA.27R7,LBBRA_27R7
RB.A78,MB.B27R7,21259.6831,EXT,R,A,EVEN,28,105,LBARA.27R7,LBARA_27R7
RB.A78,MB.C27R7,21275.3431,EXT,R,B,ODD,50,50,LBBRC.27R7,LBBRC_27R7
RB.A78,MB.A28R7,21297.4731,EXT,R,A,EVEN,29,106,LBARA.28R7,LBARA_28R7
RB.A78,MB.B28R7,21313.1331,EXT,R,B,ODD,49,49,LBBRA.28R7,LBBRA_28R7
RB.A78,MB.C28R7,21328.7931,EXT,R,A,EVEN,30,107,LBARB.28R7,LBARB_28R7
RB.A78,MB.A29R7,21350.9231,EXT,R,B,ODD,48,48,LBBRA.29R7,LBBRA_29R7
RB.A78,MB.B29R7,21366.5831,EXT,R,A,EVEN,31,108,LBARA.29R7,LBARA_29R7
RB.A78,MB.C29R7,21382.2431,EXT,R,B,ODD,47,47,LBBRC.29R7,LBBRC_29R7
RB.A78,MB.A30R7,21404.3731,EXT,R,A,EVEN,32,109,LBARA.30R7,LBARA_30R7
RB.A78,MB.B30R7,21420.0331,EXT,R,B,ODD,46,46,LBBRA.30R7,LBBRA_30R7
RB.A78,MB.C30R7,21435.6931,EXT,R,A,EVEN,33,110,LBARB.30R7,LBARB_30R7
RB.A78,MB.A31R7,21457.8231,EXT,R,B,ODD,45,45,LBBRA.31R7,LBBRA_31R7
RB.A78,MB.B31R7,21473.4831,EXT,R,A,EVEN,34,111,LBARA.31R7,LBARA_31R7
RB.A78,MB.C31R7,21489.1431,EXT,R,B,ODD,44,44,LBBRC.31R7,LBBRC_31R7
RB.A78,MB.A32R7,21511.2731,EXT,R,A,EVEN,35,112,LBARA.32R7,LBARA_32R7
RB.A78,MB.B32R7,21526.9331,EXT,R,B,ODD,43,43,LBBRA.32R7,LBBRA_32R7
RB.A78,MB.C32R7,21542.5931,EXT,R,A,EVEN,36,113,LBARB.32R7,LBARB_32R7
RB.A78,MB.A33R7,21564.7231,EXT,R,B,ODD,42,42,LBBRA.33R7,LBBRA_33R7
RB.A78,MB.B33R7,21580.3831,EXT,R,A,EVEN,37,114,LBARA.33R7,LBARA_33R7
RB.A78,MB.C33R7,21596.0431,EXT,R,B,ODD,41,41,LBBRC.33R7,LBBRC_33R7
RB.A78,MB.A34R7,21618.1731,EXT,R,A,EVEN,38,115,LBARA.34R7,LBARA_34R7
RB.A78,MB.B34R7,21633.8331,EXT,R,B,ODD,40,40,LBBRA.34R7,LBBRA_34R7
RB.A78,MB.C34R7,21649.4931,EXT,R,A,EVEN,39,116,LBARB.34R7,LBARB_34R7
RB.A78,MB.C34L8,21671.6231,EXT,R,B,ODD,39,39,LBBRA.34L8,LBBRA_34L8
RB.A78,MB.B34L8,21687.2831,EXT,R,A,EVEN,40,117,LBARA.34L8,LBARA_34L8
RB.A78,MB.A34L8,21702.9431,EXT,R,B,ODD,38,38,LBBRC.34L8,LBBRC_34L8
RB.A78,MB.C33L8,21725.0731,EXT,R,A,EVEN,41,118,LBARA.33L8,LBARA_33L8
RB.A78,MB.B33L8,21740.7331,EXT,R,B,ODD,37,37,LBBRA.33L8,LBBRA_33L8
RB.A78,MB.A33L8,21756.3931,EXT,R,A,EVEN,42,119,LBARB.33L8,LBARB_33L8
RB.A78,MB.C32L8,21778.5231,EXT,R,B,ODD,36,36,LBBRA.32L8,LBBRA_32L8
RB.A78,MB.B32L8,21794.1831,EXT,R,A,EVEN,43,120,LBARA.32L8,LBARA_32L8
RB.A78,MB.A32L8,21809.8431,EXT,R,B,ODD,35,35,LBBRC.32L8,LBBRC_32L8
RB.A78,MB.C31L8,21831.9731,EXT,R,A,EVEN,44,121,LBARA.31L8,LBARA_31L8
RB.A78,MB.B31L8,21847.6331,EXT,R,B,ODD,34,34,LBBRA.31L8,LBBRA_31L8
RB.A78,MB.A31L8,21863.2931,EXT,R,A,EVEN,45,122,LBARB.31L8,LBARB_31L8
RB.A78,MB.C30L8,21885.4231,EXT,R,B,ODD,33,33,LBBRA.30L8,LBBRA_30L8
RB.A78,MB.B30L8,21901.0831,EXT,R,A,EVEN,46,123,LBARA.30L8,LBARA_30L8
RB.A78,MB.A30L8,21916.7431,EXT,R,B,ODD,32,32,LBBRC.30L8,LBBRC_30L8
RB.A78,MB.C29L8,21938.8731,EXT,R,A,EVEN,47,124,LBARA.29L8,LBARA_29L8
RB.A78,MB.B29L8,21954.5331,EXT,R,B,ODD,31,31,LBBRA.29L8,LBBRA_29L8
RB.A78,MB.A29L8,21970.1931,EXT,R,A,EVEN,48,125,LBARB.29L8,LBARB_29L8
RB.A78,MB.C28L8,21992.3231,EXT,R,B,ODD,30,30,LBBRA.28L8,LBBRA_28L8
RB.A78,MB.B28L8,22007.9831,EXT,R,A,EVEN,49,126,LBARA.28L8,LBARA_28L8
RB.A78,MB.A28L8,22023.6431,EXT,R,B,ODD,29,29,LBBRC.28L8,LBBRC_28L8
RB.A78,MB.C27L8,22045.7731,EXT,R,A,EVEN,50,127,LBARA.27L8,LBARA_27L8
RB.A78,MB.B27L8,22061.4331,EXT,R,B,ODD,28,28,LBBRA.27L8,LBBRA_27L8
RB.A78,MB.A27L8,22077.0931,EXT,R,A,EVEN,51,128,LBARB.27L8,LBARB_27L8
RB.A78,MB.C26L8,22099.2231,EXT,R,B,ODD,27,27,LBBRA.26L8,LBBRA_26L8
RB.A78,MB.B26L8,22114.8831,EXT,R,A,EVEN,52,129,LBARA.26L8,LBARA_26L8
RB.A78,MB.A26L8,22130.5431,EXT,R,B,ODD,26,26,LBBRC.26L8,LBBRC_26L8
RB.A78,MB.C25L8,22152.6731,EXT,R,A,EVEN,53,130,LBARA.25L8,LBARA_25L8
RB.A78,MB.B25L8,22168.3331,EXT,R,B,ODD,25,25,LBBRA.25L8,LBBRA_25L8
RB.A78,MB.A25L8,22183.9931,EXT,R,A,EVEN,54,131,LBARB.25L8,LBARB_25L8
RB.A78,MB.C24L8,22206.1231,EXT,R,B,ODD,24,24,LBBRA.24L8,LBBRA_24L8
RB.A78,MB.B24L8,22221.7831,EXT,R,A,EVEN,55,132,LBARA.24L8,LBARA_24L8
RB.A78,MB.A24L8,22237.4431,EXT,R,B,ODD,23,23,LBBRD.24L8,LBBRD_24L8
RB.A78,MB.C23L8,22259.5731,EXT,R,A,EVEN,56,133,LBARA.23L8,LBARA_23L8
RB.A78,MB.B23L8,22275.2331,EXT,R,B,ODD,22,22,LBBRA.23L8,LBBRA_23L8
RB.A78,MB.A23L8,22290.8931,EXT,R,A,EVEN,57,134,LBARB.23L8,LBARB_23L8
RB.A78,MB.C22L8,22313.0231,EXT,R,B,ODD,21,21,LBBRA.22L8,LBBRA_22L8
RB.A78,MB.B22L8,22328.6831,EXT,R,A,EVEN,58,135,LBARA.22L8,LBARA_22L8
RB.A78,MB.A22L8,22344.3431,EXT,R,B,ODD,20,20,LBBRD.22L8,LBBRD_22L8
RB.A78,MB.C21L8,22366.4731,EXT,R,A,EVEN,59,136,LBARA.21L8,LBARA_21L8
RB.A78,MB.B21L8,22382.1331,EXT,R,B,ODD,19,19,LBBRA.21L8,LBBRA_21L8
RB.A78,MB.A21L8,22397.7931,EXT,R,A,EVEN,60,137,LBARB.21L8,LBARB_21L8
RB.A78,MB.C20L8,22419.9231,EXT,R,B,ODD,18,18,LBBRA.20L8,LBBRA_20L8
RB.A78,MB.B20L8,22435.5831,EXT,R,A,EVEN,61,138,LBARA.20L8,LBARA_20L8
RB.A78,MB.A20L8,22451.2431,EXT,R,B,ODD,17,17,LBBRD.20L8,LBBRD_20L8
RB.A78,MB.C19L8,22473.3731,EXT,R,A,EVEN,62,139,LBARA.19L8,LBARA_19L8
RB.A78,MB.B19L8,22489.0331,EXT,R,B,ODD,16,16,LBBRA.19L8,LBBRA_19L8
RB.A78,MB.A19L8,22504.6931,EXT,R,A,EVEN,63,140,LBARB.19L8,LBARB_19L8
RB.A78,MB.C18L8,22526.8231,EXT,R,B,ODD,15,15,LBBRA.18L8,LBBRA_18L8
RB.A78,MB.B18L8,22542.4831,EXT,R,A,EVEN,64,141,LBARA.18L8,LBARA_18L8
RB.A78,MB.A18L8,22558.1431,EXT,R,B,ODD,14,14,LBBRD.18L8,LBBRD_18L8
RB.A78,MB.C17L8,22580.2731,EXT,R,A,EVEN,65,142,LBARA.17L8,LBARA_17L8
RB.A78,MB.B17L8,22595.9331,EXT,R,B,ODD,13,13,LBBRA.17L8,LBBRA_17L8
RB.A78,MB.A17L8,22611.5931,EXT,R,A,EVEN,66,143,LBARB.17L8,LBARB_17L8
RB.A78,MB.C16L8,22633.7231,EXT,R,B,ODD,12,12,LBBRA.16L8,LBBRA_16L8
RB.A78,MB.B16L8,22649.3831,EXT,R,A,EVEN,67,144,LBARA.16L8,LBARA_16L8
RB.A78,MB.A16L8,22665.0431,EXT,R,B,ODD,11,11,LBBRD.16L8,LBBRD_16L8
RB.A78,MB.C15L8,22687.1731,EXT,R,A,EVEN,68,145,LBARA.15L8,LBARA_15L8
RB.A78,MB.B15L8,22702.8331,EXT,R,B,ODD,10,10,LBBRA.15L8,LBBRA_15L8
RB.A78,MB.A15L8,22718.4931,EXT,R,A,EVEN,69,146,LBARB.15L8,LBARB_15L8
RB.A78,MB.C14L8,22740.6231,EXT,R,B,ODD,9,9,LBBRA.14L8,LBBRA_14L8
RB.A78,MB.B14L8,22756.2831,EXT,R,A,EVEN,70,147,LBARA.14L8,LBARA_14L8
RB.A78,MB.A14L8,22771.9431,EXT,R,B,ODD,8,8,LBBRD.14L8,LBBRD_14L8
RB.A78,MB.C13L8,22794.0731,EXT,R,A,EVEN,71,148,LBARA.13L8,LBARA_13L8
RB.A78,MB.B13L8,22809.7331,EXT,R,B,ODD,7,7,LBBRA.13L8,LBBRA_13L8
RB.A78,MB.A13L8,22825.3931,EXT,R,A,EVEN,72,149,LBARB.13L8,LBARB_13L8
RB.A78,MB.C12L8,22847.5231,EXT,R,B,ODD,6,6,LBBRA.12L8,LBBRA_12L8
RB.A78,MB.B12L8,22863.1831,EXT,R,A,EVEN,73,150,LBARA.12L8,LBARA_12L8
RB.A78,MB.A12L8,22878.8431,EXT,R,B,ODD,5,5,LBBRD.12L8,LBBRD_12L8
RB.A78,MB.B11L8,22915.0228,EXT,R,A,EVEN,74,151,LBARA.11L8,LBARA_11L8
RB.A78,MB.A11L8,22930.6828,EXT,R,B,ODD,4,4,LBBRP.11L8,LBBRP_11L8
RB.A78,MB.B10L8,22954.0878,EXT,R,A,EVEN,75,152,LBARE.10L8,LBARE_10L8
RB.A78,MB.A10L8,22969.7478,EXT,R,B,ODD,3,3,LBBRG.10L8,LBBRG_10L8
RB.A78,MB.B9L8,22994.5528,EXT,R,A,EVEN,76,153,LBARE.9L8,LBARE_09L8
RB.A78,MB.A9L8,23010.2128,EXT,R,B,ODD,2,2,LBBRF.9L8,LBBRF_09L8
RB.A78,MB.B8L8,23033.6178,EXT,R,A,EVEN,77,154,LBARE.8L8,LBARE_08L8
RB.A78,MB.A8L8,23049.2778,EXT,R,B,ODD,1,1,LBBRQ.8L8,LBBRQ_08L8
RB.A81,MB.A8R8,23603.7678,INT,L,A,EVEN,77,154,LBALE.8R8,LBALE_08R8
RB.A81,MB.B8R8,23619.4278,INT,L,B,ODD,1,1,LBBLF.8R8,LBBLF_08R8
RB.A81,MB.A9R8,23642.8328,INT,L,A,EVEN,76,153,LBALE.9R8,LBALE_09R8
RB.A81,MB.B9R8,23658.4928,INT,L,B,ODD,2,2,LBBLG.9R8,LBBLG_09R8
RB.A81,MB.A10R8,23683.2978,INT,L,A,EVEN,75,152,LBALE.10R8,LBALE_10R8
RB.A81,MB.B10R8,23698.9578,INT,L,B,ODD,3,3,LBBLF.10R8,LBBLF_10R8
RB.A81,MB.A11R8,23722.3628,INT,L,A,EVEN,74,151,LBALA.11R8,LBALA_11R8
RB.A81,MB.B11R8,23738.0228,INT,L,B,ODD,4,4,LBBLA.11R8,LBBLA_11R8
RB.A81,MB.A12R8,23774.2025,INT,L,A,EVEN,73,150,LBALA.12R8,LBALA_12R8
RB.A81,MB.B12R8,23789.8625,INT,L,B,ODD,5,5,LBBLA.12R8,LBBLA_12R8
RB.A81,MB.C12R8,23805.5225,INT,L,A,EVEN,72,149,LBALB.12R8,LBALB_12R8
RB.A81,MB.A13R8,23827.6525,INT,L,B,ODD,6,6,LBBLA.13R8,LBBLA_13R8
RB.A81,MB.B13R8,23843.3125,INT,L,A,EVEN,71,148,LBALA.13R8,LBALA_13R8
RB.A81,MB.C13R8,23858.9725,INT,L,B,ODD,7,7,LBBLD.13R8,LBBLD_13R8
RB.A81,MB.A14R8,23881.1025,INT,L,A,EVEN,70,147,LBALA.14R8,LBALA_14R8
RB.A81,MB.B14R8,23896.7625,INT,L,B,ODD,8,8,LBBLA.14R8,LBBLA_14R8
RB.A81,MB.C14R8,23912.4225,INT,L,A,EVEN,69,146,LBALB.14R8,LBALB_14R8
RB.A81,MB.A15R8,23934.5525,INT,L,B,ODD,9,9,LBBLA.15R8,LBBLA_15R8
RB.A81,MB.B15R8,23950.2125,INT,L,A,EVEN,68,145,LBALA.15R8,LBALA_15R8
RB.A81,MB.C15R8,23965.8725,INT,L,B,ODD,10,10,LBBLD.15R8,LBBLD_15R8
RB.A81,MB.A16R8,23988.0025,INT,L,A,EVEN,67,144,LBALA.16R8,LBALA_16R8
RB.A81,MB.B16R8,24003.6625,INT,L,B,ODD,11,11,LBBLA.16R8,LBBLA_16R8
RB.A81,MB.C16R8,24019.3225,INT,L,A,EVEN,66,143,LBALB.16R8,LBALB_16R8
RB.A81,MB.A17R8,24041.4525,INT,L,B,ODD,12,12,LBBLA.17R8,LBBLA_17R8
RB.A81,MB.B17R8,24057.1125,INT,L,A,EVEN,65,142,LBALA.17R8,LBALA_17R8
RB.A81,MB.C17R8,24072.7725,INT,L,B,ODD,13,13,LBBLD.17R8,LBBLD_17R8
RB.A81,MB.A18R8,24094.9025,INT,L,A,EVEN,64,141,LBALA.18R8,LBALA_18R8
RB.A81,MB.B18R8,24110.5625,INT,L,B,ODD,14,14,LBBLA.18R8,LBBLA_18R8
RB.A81,MB.C18R8,24126.2225,INT,L,A,EVEN,63,140,LBALB.18R8,LBALB_18R8
RB.A81,MB.A19R8,24148.3525,INT,L,B,ODD,15,15,LBBLA.19R8,LBBLA_19R8
RB.A81,MB.B19R8,24164.0125,INT,L,A,EVEN,62,139,LBALA.19R8,LBALA_19R8
RB.A81,MB.C19R8,24179.6725,INT,L,B,ODD,16,16,LBBLD.19R8,LBBLD_19R8
RB.A81,MB.A20R8,24201.8025,INT,L,A,EVEN,61,138,LBALA.20R8,LBALA_20R8
RB.A81,MB.B20R8,24217.4625,INT,L,B,ODD,17,17,LBBLA.20R8,LBBLA_20R8
RB.A81,MB.C20R8,24233.1225,INT,L,A,EVEN,60,137,LBALB.20R8,LBALB_20R8
RB.A81,MB.A21R8,24255.2525,INT,L,B,ODD,18,18,LBBLA.21R8,LBBLA_21R8
RB.A81,MB.B21R8,24270.9125,INT,L,A,EVEN,59,136,LBALA.21R8,LBALA_21R8
RB.A81,MB.C21R8,24286.5725,INT,L,B,ODD,19,19,LBBLD.21R8,LBBLD_21R8
RB.A81,MB.A22R8,24308.7025,INT,L,A,EVEN,58,135,LBALA.22R8,LBALA_22R8
RB.A81,MB.B22R8,24324.3625,INT,L,B,ODD,20,20,LBBLA.22R8,LBBLA_22R8
RB.A81,MB.C22R8,24340.0225,INT,L,A,EVEN,57,134,LBALB.22R8,LBALB_22R8
RB.A81,MB.A23R8,24362.1525,INT,L,B,ODD,21,21,LBBLA.23R8,LBBLA_23R8
RB.A81,MB.B23R8,24377.8125,INT,L,A,EVEN,56,133,LBALA.23R8,LBALA_23R8
RB.A81,MB.C23R8,24393.4725,INT,L,B,ODD,22,22,LBBLD.23R8,LBBLD_23R8
RB.A81,MB.A24R8,24415.6025,INT,L,A,EVEN,55,132,LBALA.24R8,LBALA_24R8
RB.A81,MB.B24R8,24431.2625,INT,L,B,ODD,23,23,LBBLA.24R8,LBBLA_24R8
RB.A81,MB.C24R8,24446.9225,INT,L,A,EVEN,54,131,LBALB.24R8,LBALB_24R8
RB.A81,MB.A25R8,24469.0525,INT,L,B,ODD,24,24,LBBLA.25R8,LBBLA_25R8
RB.A81,MB.B25R8,24484.7125,INT,L,A,EVEN,53,130,LBALA.25R8,LBALA_25R8
RB.A81,MB.C25R8,24500.3725,INT,L,B,ODD,25,25,LBBLD.25R8,LBBLD_25R8
RB.A81,MB.A26R8,24522.5025,INT,L,A,EVEN,52,129,LBALA.26R8,LBALA_26R8
RB.A81,MB.B26R8,24538.1625,INT,L,B,ODD,26,26,LBBLA.26R8,LBBLA_26R8
RB.A81,MB.C26R8,24553.8225,INT,L,A,EVEN,51,128,LBALB.26R8,LBALB_26R8
RB.A81,MB.A27R8,24575.9525,INT,L,B,ODD,27,27,LBBLA.27R8,LBBLA_27R8
RB.A81,MB.B27R8,24591.6125,INT,L,A,EVEN,50,127,LBALA.27R8,LBALA_27R8
RB.A81,MB.C27R8,24607.2725,INT,L,B,ODD,28,28,LBBLD.27R8,LBBLD_27R8
RB.A81,MB.A28R8,24629.4025,INT,L,A,EVEN,49,126,LBALA.28R8,LBALA_28R8
RB.A81,MB.B28R8,24645.0625,INT,L,B,ODD,29,29,LBBLA.28R8,LBBLA_28R8
RB.A81,MB.C28R8,24660.7225,INT,L,A,EVEN,48,125,LBALB.28R8,LBALB_28R8
RB.A81,MB.A29R8,24682.8525,INT,L,B,ODD,30,30,LBBLA.29R8,LBBLA_29R8
RB.A81,MB.B29R8,24698.5125,INT,L,A,EVEN,47,124,LBALA.29R8,LBALA_29R8
RB.A81,MB.C29R8,24714.1725,INT,L,B,ODD,31,31,LBBLD.29R8,LBBLD_29R8
RB.A81,MB.A30R8,24736.3025,INT,L,A,EVEN,46,123,LBALA.30R8,LBALA_30R8
RB.A81,MB.B30R8,24751.9625,INT,L,B,ODD,32,32,LBBLA.30R8,LBBLA_30R8
RB.A81,MB.C30R8,24767.6225,INT,L,A,EVEN,45,122,LBALB.30R8,LBALB_30R8
RB.A81,MB.A31R8,24789.7525,INT,L,B,ODD,33,33,LBBLA.31R8,LBBLA_31R8
RB.A81,MB.B31R8,24805.4125,INT,L,A,EVEN,44,121,LBALA.31R8,LBALA_31R8
RB.A81,MB.C31R8,24821.0725,INT,L,B,ODD,34,34,LBBLD.31R8,LBBLD_31R8
RB.A81,MB.A32R8,24843.2025,INT,L,A,EVEN,43,120,LBALA.32R8,LBALA_32R8
RB.A81,MB.B32R8,24858.8625,INT,L,B,ODD,35,35,LBBLA.32R8,LBBLA_32R8
RB.A81,MB.C32R8,24874.5225,INT,L,A,EVEN,42,119,LBALB.32R8,LBALB_32R8
RB.A81,MB.A33R8,24896.6525,INT,L,B,ODD,36,36,LBBLA.33R8,LBBLA_33R8
RB.A81,MB.B33R8,24912.3125,INT,L,A,EVEN,41,118,LBALA.33R8,LBALA_33R8
RB.A81,MB.C33R8,24927.9725,INT,L,B,ODD,37,37,LBBLD.33R8,LBBLD_33R8
RB.A81,MB.A34R8,24950.1025,INT,L,A,EVEN,40,117,LBALA.34R8,LBALA_34R8
RB.A81,MB.B34R8,24965.7625,INT,L,B,ODD,38,38,LBBLA.34R8,LBBLA_34R8
RB.A81,MB.C34R8,24981.4225,INT,L,A,EVEN,39,116,LBALB.34R8,LBALB_34R8
RB.A81,MB.C34L1,25003.5525,INT,L,B,ODD,39,39,LBBLA.34L1,LBBLA_34L1
RB.A81,MB.B34L1,25019.2125,INT,L,A,EVEN,38,115,LBALA.34L1,LBALA_34L1
RB.A81,MB.A34L1,25034.8725,INT,L,B,ODD,40,40,LBBLD.34L1,LBBLD_34L1
RB.A81,MB.C33L1,25057.0025,INT,L,A,EVEN,37,114,LBALA.33L1,LBALA_33L1
RB.A81,MB.B33L1,25072.6625,INT,L,B,ODD,41,41,LBBLA.33L1,LBBLA_33L1
RB.A81,MB.A33L1,25088.3225,INT,L,A,EVEN,36,113,LBALB.33L1,LBALB_33L1
RB.A81,MB.C32L1,25110.4525,INT,L,B,ODD,42,42,LBBLA.32L1,LBBLA_32L1
RB.A81,MB.B32L1,25126.1125,INT,L,A,EVEN,35,112,LBALA.32L1,LBALA_32L1
RB.A81,MB.A32L1,25141.7725,INT,L,B,ODD,43,43,LBBLD.32L1,LBBLD_32L1
RB.A81,MB.C31L1,25163.9025,INT,L,A,EVEN,34,111,LBALA.31L1,LBALA_31L1
RB.A81,MB.B31L1,25179.5625,INT,L,B,ODD,44,44,LBBLA.31L1,LBBLA_31L1
RB.A81,MB.A31L1,25195.2225,INT,L,A,EVEN,33,110,LBALB.31L1,LBALB_31L1
RB.A81,MB.C30L1,25217.3525,INT,L,B,ODD,45,45,LBBLA.30L1,LBBLA_30L1
RB.A81,MB.B30L1,25233.0125,INT,L,A,EVEN,32,109,LBALA.30L1,LBALA_30L1
RB.A81,MB.A30L1,25248.6725,INT,L,B,ODD,46,46,LBBLD.30L1,LBBLD_30L1
RB.A81,MB.C29L1,25270.8025,INT,L,A,EVEN,31,108,LBALA.29L1,LBALA_29L1
RB.A81,MB.B29L1,25286.4625,INT,L,B,ODD,47,47,LBBLA.29L1,LBBLA_29L1
RB.A81,MB.A29L1,25302.1225,INT,L,A,EVEN,30,107,LBALB.29L1,LBALB_29L1
RB.A81,MB.C28L1,25324.2525,INT,L,B,ODD,48,48,LBBLA.28L1,LBBLA_28L1
RB.A81,MB.B28L1,25339.9125,INT,L,A,EVEN,29,106,LBALA.28L1,LBALA_28L1
RB.A81,MB.A28L1,25355.5725,INT,L,B,ODD,49,49,LBBLD.28L1,LBBLD_28L1
RB.A81,MB.C27L1,25377.7025,INT,L,A,EVEN,28,105,LBALA.27L1,LBALA_27L1
RB.A81,MB.B27L1,25393.3625,INT,L,B,ODD,50,50,LBBLA.27L1,LBBLA_27L1
RB.A81,MB.A27L1,25409.0225,INT,L,A,EVEN,27,104,LBALB.27L1,LBALB_27L1
RB.A81,MB.C26L1,25431.1525,INT,L,B,ODD,51,51,LBBLA.26L1,LBBLA_26L1
RB.A81,MB.B26L1,25446.8125,INT,L,A,EVEN,26,103,LBALA.26L1,LBALA_26L1
RB.A81,MB.A26L1,25462.4725,INT,L,B,ODD,52,52,LBBLD.26L1,LBBLD_26L1
RB.A81,MB.C25L1,25484.6025,INT,L,A,EVEN,25,102,LBALA.25L1,LBALA_25L1
RB.A81,MB.B25L1,25500.2625,INT,L,B,ODD,53,53,LBBLA.25L1,LBBLA_25L1
RB.A81,MB.A25L1,25515.9225,INT,L,A,EVEN,24,101,LBALB.25L1,LBALB_25L1
RB.A81,MB.C24L1,25538.0525,INT,L,B,ODD,54,54,LBBLA.24L1,LBBLA_24L1
RB.A81,MB.B24L1,25553.7125,INT,L,A,EVEN,23,100,LBALA.24L1,LBALA_24L1
RB.A81,MB.A24L1,25569.3725,INT,L,B,ODD,55,55,LBBLD.24L1,LBBLD_24L1
RB.A81,MB.C23L1,25591.5025,INT,L,A,EVEN,22,99,LBALA.23L1,LBALA_23L1
RB.A81,MB.B23L1,25607.1625,INT,L,B,ODD,56,56,LBBLA.23L1,LBBLA_23L1
RB.A81,MB.A23L1,25622.8225,INT,L,A,EVEN,21,98,LBALB.23L1,LBALB_23L1
RB.A81,MB.C22L1,25644.9525,INT,L,B,ODD,57,57,LBBLA.22L1,LBBLA_22L1
RB.A81,MB.B22L1,25660.6125,INT,L,A,EVEN,20,97,LBALA.22L1,LBALA_22L1
RB.A81,MB.A22L1,25676.2725,INT,L,B,ODD,58,58,LBBLD.22L1,LBBLD_22L1
RB.A81,MB.C21L1,25698.4025,INT,L,A,EVEN,19,96,LBALA.21L1,LBALA_21L1
RB.A81,MB.B21L1,25714.0625,INT,L,B,ODD,59,59,LBBLA.21L1,LBBLA_21L1
RB.A81,MB.A21L1,25729.7225,INT,L,A,EVEN,18,95,LBALB.21L1,LBALB_21L1
RB.A81,MB.C20L1,25751.8525,INT,L,B,ODD,60,60,LBBLA.20L1,LBBLA_20L1
RB.A81,MB.B20L1,25767.5125,INT,L,A,EVEN,17,94,LBALA.20L1,LBALA_20L1
RB.A81,MB.A20L1,25783.1725,INT,L,B,ODD,61,61,LBBLD.20L1,LBBLD_20L1
RB.A81,MB.C19L1,25805.3025,INT,L,A,EVEN,16,93,LBALA.19L1,LBALA_19L1
RB.A81,MB.B19L1,25820.9625,INT,L,B,ODD,62,62,LBBLA.19L1,LBBLA_19L1
RB.A81,MB.A19L1,25836.6225,INT,L,A,EVEN,15,92,LBALB.19L1,LBALB_19L1
RB.A81,MB.C18L1,25858.7525,INT,L,B,ODD,63,63,LBBLA.18L1,LBBLA_18L1
RB.A81,MB.B18L1,25874.4125,INT,L,A,EVEN,14,91,LBALA.18L1,LBALA_18L1
RB.A81,MB.A18L1,25890.0725,INT,L,B,ODD,64,64,LBBLD.18L1,LBBLD_18L1
RB.A81,MB.C17L1,25912.2025,INT,L,A,EVEN,13,90,LBALA.17L1,LBALA_17L1
RB.A81,MB.B17L1,25927.8625,INT,L,B,ODD,65,65,LBBLA.17L1,LBBLA_17L1
RB.A81,MB.A17L1,25943.5225,INT,L,A,EVEN,12,89,LBALB.17L1,LBALB_17L1
RB.A81,MB.C16L1,25965.6525,INT,L,B,ODD,66,66,LBBLA.16L1,LBBLA_16L1
RB.A81,MB.B16L1,25981.3125,INT,L,A,EVEN,11,88,LBALA.16L1,LBALA_16L1
RB.A81,MB.A16L1,25996.9725,INT,L,B,ODD,67,67,LBBLD.16L1,LBBLD_16L1
RB.A81,MB.C15L1,26019.1025,INT,L,A,EVEN,10,87,LBALA.15L1,LBALA_15L1
RB.A81,MB.B15L1,26034.7625,INT,L,B,ODD,68,68,LBBLA.15L1,LBBLA_15L1
RB.A81,MB.A15L1,26050.4225,INT,L,A,EVEN,9,86,LBALB.15L1,LBALB_15L1
RB.A81,MB.C14L1,26072.5525,INT,L,B,ODD,69,69,LBBLA.14L1,LBBLA_14L1
RB.A81,MB.B14L1,26088.2125,INT,L,A,EVEN,8,85,LBALA.14L1,LBALA_14L1
RB.A81,MB.A14L1,26103.8725,INT,L,B,ODD,70,70,LBBLD.14L1,LBBLD_14L1
RB.A81,MB.C13L1,26126.0025,INT,L,A,EVEN,7,84,LBALA.13L1,LBALA_13L1
RB.A81,MB.B13L1,26141.6625,INT,L,B,ODD,71,71,LBBLA.13L1,LBBLA_13L1
RB.A81,MB.A13L1,26157.3225,INT,L,A,EVEN,6,83,LBALB.13L1,LBALB_13L1
RB.A81,MB.C12L1,26179.4525,INT,L,B,ODD,72,72,LBBLA.12L1,LBBLA_12L1
RB.A81,MB.B12L1,26195.1125,INT,L,A,EVEN,5,82,LBALA.12L1,LBALA_12L1
RB.A81,MB.A12L1,26210.7725,INT,L,B,ODD,73,73,LBBLD.12L1,LBBLD_12L1
RB.A81,MB.B11L1,26247.8942,INT,L,A,EVEN,4,81,LBALA.11L1,LBALA_11L1
RB.A81,MB.A11L1,26263.5542,INT,L,B,ODD,74,74,LBBLP.11L1,LBBLP_11L1
RB.A81,MB.B10L1,26286.9592,INT,L,A,EVEN,3,80,LBALE.10L1,LBALE_10L1
RB.A81,MB.A10L1,26302.6192,INT,L,B,ODD,75,75,LBBLG.10L1,LBBLG_10L1
RB.A81,MB.B9L1,26327.4242,INT,L,A,EVEN,2,79,LBALE.9L1,LBALE_09L1
RB.A81,MB.A9L1,26343.0842,INT,L,B,ODD,76,76,LBBLF.9L1,LBBLF_09L1
RB.A81,MB.B8L1,26366.4892,INT,L,A,EVEN,1,78,LBALE.8L1,LBALE_08L1
RB.A81,MB.A8L1,26382.1492,INT,L,B,ODD,77,77,LBBLQ.8L1,LBBLQ_08L1
